date,station,station_bn,lat,lon,max_c,min_c
2026-10-09,Badalgachhi,বদলগাছি,24.9702,88.916,30.1,21.3
2026-10-10,Badalgachhi,বদলগাছি,24.9702,88.916,30.8,21.1
2026-10-11,Badalgachhi,বদলগাছি,24.9702,88.916,30.6,21.2
2026-10-09,Bandarban,বান্দরবন,22.1964,92.2176,30.6,23.8
2026-10-10,Bandarban,বান্দরবন,22.1964,92.2176,31.2,20.7
2026-10-11,Bandarban,বান্দরবন,22.1964,92.2176,32.6,20.5
2026-10-09,Barishal,বরিশাল,22.75,90.3667,31.1,24.5
2026-10-10,Barishal,বরিশাল,22.75,90.3667,31.4,22.1
2026-10-11,Barishal,বরিশাল,22.75,90.3667,32.7,21.9
2026-10-09,Bhola,ভোলা,22.6833,90.65,30.9,24.4
2026-10-10,Bhola,ভোলা,22.6833,90.65,31.2,22.6
2026-10-11,Bhola,ভোলা,22.6833,90.65,32.3,21.8
2026-10-09,Bogura,বগুড়া,24.85,89.3667,30.3,22.0
2026-10-10,Bogura,বগুড়া,24.85,89.3667,30.4,21.8
2026-10-11,Bogura,বগুড়া,24.85,89.3667,31.5,21.7
2026-10-09,Chandpur,চাঁদপুর,23.2667,90.7,29.8,24.2
2026-10-10,Chandpur,চাঁদপুর,23.2667,90.7,31.5,21.5
2026-10-11,Chandpur,চাঁদপুর,23.2667,90.7,32.3,21.5
2026-10-09,Chattogram,চট্টগ্রাম,22.27,91.82,29.6,25.7
2026-10-10,Chattogram,চট্টগ্রাম,22.27,91.82,30.3,20.9
2026-10-11,Chattogram,চট্টগ্রাম,22.27,91.82,31.9,20.2
2026-10-09,Chuadanga,চুয়াডাঙা,23.65,88.8167,30.8,23.5
2026-10-10,Chuadanga,চুয়াডাঙা,23.65,88.8167,30.9,22.0
2026-10-11,Chuadanga,চুয়াডাঙা,23.65,88.8167,30.8,21.9
2026-10-09,Cox&#39;s Bazar,কক্সবাজার,21.45,91.9667,29.8,24.5
2026-10-10,Cox&#39;s Bazar,কক্সবাজার,21.45,91.9667,29.9,20.6
2026-10-11,Cox&#39;s Bazar,কক্সবাজার,21.45,91.9667,31.5,20.3
2026-10-09,Cumilla,কুমিল্লা,23.4333,91.1833,30.6,23.5
2026-10-10,Cumilla,কুমিল্লা,23.4333,91.1833,31.4,21.6
2026-10-11,Cumilla,কুমিল্লা,23.4333,91.1833,32.4,20.7
2026-10-09,Dhaka,ঢাকা,23.7667,90.3833,31.5,24.0
2026-10-10,Dhaka,ঢাকা,23.7667,90.3833,30.7,25.5
2026-10-11,Dhaka,ঢাকা,23.7667,90.3833,32.4,25.1
2026-10-09,Dighinala,দিঘীনালা,23.2588,92.0676,31.1,20.9
2026-10-10,Dighinala,দিঘীনালা,23.2588,92.0676,32.0,19.3
2026-10-11,Dighinala,দিঘীনালা,23.2588,92.0676,32.9,19.0
2026-10-09,Dimla,ডিমলা,26.1532,88.924,30.1,21.6
2026-10-10,Dimla,ডিমলা,26.1532,88.924,30.9,21.1
2026-10-11,Dimla,ডিমলা,26.1532,88.924,31.5,21.4
2026-10-09,Dinajpur,দিনাজপুর,25.65,88.6833,30.2,22.0
2026-10-10,Dinajpur,দিনাজপুর,25.65,88.6833,30.8,21.5
2026-10-11,Dinajpur,দিনাজপুর,25.65,88.6833,31.6,21.4
2026-10-09,Faridpur,ফরিদপুর,23.6,89.85,30.4,23.4
2026-10-10,Faridpur,ফরিদপুর,23.6,89.85,31.1,22.9
2026-10-11,Faridpur,ফরিদপুর,23.6,89.85,31.9,22.5
2026-10-09,Feni,ফেনী,23.0333,91.4167,29.7,24.5
2026-10-10,Feni,ফেনী,23.0333,91.4167,31.3,20.9
2026-10-11,Feni,ফেনী,23.0333,91.4167,32.3,20.1
2026-10-09,Gopalganj,গোপালগঞ্জ,23.0155,89.835,31.0,24.2
2026-10-10,Gopalganj,গোপালগঞ্জ,23.0155,89.835,30.9,22.2
2026-10-11,Gopalganj,গোপালগঞ্জ,23.0155,89.835,32.1,22.1
2026-10-09,Hatiya,হাতিয়া,22.4333,91.1,27.8,25.0
2026-10-10,Hatiya,হাতিয়া,22.4333,91.1,28.0,26.6
2026-10-11,Hatiya,হাতিয়া,22.4333,91.1,28.9,27.6
2026-10-09,Ishurdi,ঈশ্বরদী,24.1333,89.05,30.8,23.0
2026-10-10,Ishurdi,ঈশ্বরদী,24.1333,89.05,30.7,21.8
2026-10-11,Ishurdi,ঈশ্বরদী,24.1333,89.05,31.6,21.8
2026-10-09,Jashore,যশোর,23.1833,89.1667,30.8,23.2
2026-10-10,Jashore,যশোর,23.1833,89.1667,30.5,22.3
2026-10-11,Jashore,যশোর,23.1833,89.1667,31.5,22.2
2026-10-09,Khepupara,খেপুপাড়া,21.9833,90.2333,30.4,25.1
2026-10-10,Khepupara,খেপুপাড়া,21.9833,90.2333,29.8,22.7
2026-10-11,Khepupara,খেপুপাড়া,21.9833,90.2333,31.5,21.8
2026-10-09,Khulna,খুলনা,22.7833,89.5333,30.7,24.4
2026-10-10,Khulna,খুলনা,22.7833,89.5333,30.7,22.0
2026-10-11,Khulna,খুলনা,22.7833,89.5333,31.8,22.3
2026-10-09,Kumarkhali,কুমারখালী,23.9194,89.2289,30.6,23.5
2026-10-10,Kumarkhali,কুমারখালী,23.9194,89.2289,30.7,21.9
2026-10-11,Kumarkhali,কুমারখালী,23.9194,89.2289,31.4,22.1
2026-10-09,Kutubdia,কুতুবদিয়া,21.8167,91.85,27.2,25.5
2026-10-10,Kutubdia,কুতুবদিয়া,21.8167,91.85,27.3,25.8
2026-10-11,Kutubdia,কুতুবদিয়া,21.8167,91.85,28.1,26.4
2026-10-09,Madaripur,মাদারীপুর,23.1667,90.1833,31.4,24.0
2026-10-10,Madaripur,মাদারীপুর,23.1667,90.1833,30.7,22.3
2026-10-11,Madaripur,মাদারীপুর,23.1667,90.1833,32.8,22.4
2026-10-09,Maijdi Court,মাইজীকোর্ট,22.8667,91.1,30.6,25.5
2026-10-10,Maijdi Court,মাইজীকোর্ট,22.8667,91.1,31.2,21.3
2026-10-11,Maijdi Court,মাইজীকোর্ট,22.8667,91.1,32.4,21.1
2026-10-09,Mongla,মংলা,22.4667,89.6,30.4,24.4
2026-10-10,Mongla,মংলা,22.4667,89.6,30.6,22.0
2026-10-11,Mongla,মংলা,22.4667,89.6,32.1,21.9
2026-10-09,Mymensingh,ময়মনসিংহ,24.7167,90.4333,30.7,22.8
2026-10-10,Mymensingh,ময়মনসিংহ,24.7167,90.4333,30.9,21.4
2026-10-11,Mymensingh,ময়মনসিংহ,24.7167,90.4333,31.9,21.5
2026-10-09,Netrokona,নেত্রোকোনা,24.8872,90.7329,31.2,21.9
2026-10-10,Netrokona,নেত্রোকোনা,24.8872,90.7329,31.8,22.2
2026-10-11,Netrokona,নেত্রোকোনা,24.8872,90.7329,32.4,22.3
2026-10-09,Nikli,নিকলি,24.3292,90.9353,31.5,23.5
2026-10-10,Nikli,নিকলি,24.3292,90.9353,31.5,24.1
2026-10-11,Nikli,নিকলি,24.3292,90.9353,32.4,23.7
2026-10-09,Patuakhali,পটুয়াখালী,22.3333,90.3333,30.0,25.0
2026-10-10,Patuakhali,পটুয়াখালী,22.3333,90.3333,31.2,22.2
2026-10-11,Patuakhali,পটুয়াখালী,22.3333,90.3333,32.2,21.5
2026-10-09,Rajarhat,রাজারহাট,25.7974,89.5445,30.5,21.0
2026-10-10,Rajarhat,রাজারহাট,25.7974,89.5445,31.3,21.0
2026-10-11,Rajarhat,রাজারহাট,25.7974,89.5445,32.0,21.2
2026-10-09,Rajshahi,রাজশাহী,24.3667,88.7,31.1,22.6
2026-10-10,Rajshahi,রাজশাহী,24.3667,88.7,30.4,22.2
2026-10-11,Rajshahi,রাজশাহী,24.3667,88.7,31.8,22.0
2026-10-09,Rangamati,রাঙ্গামাটি,22.5333,92.2,31.7,23.6
2026-10-10,Rangamati,রাঙ্গামাটি,22.5333,92.2,32.3,20.8
2026-10-11,Rangamati,রাঙ্গামাটি,22.5333,92.2,33.5,20.3
2026-10-09,Rangpur,রংপুর,25.7333,89.2333,30.0,21.7
2026-10-10,Rangpur,রংপুর,25.7333,89.2333,31.0,21.3
2026-10-11,Rangpur,রংপুর,25.7333,89.2333,31.6,21.5
2026-10-09,Saint Martin,সেন্ট মার্টিন,20.6025,92.3296,27.5,24.9
2026-10-10,Saint Martin,সেন্ট মার্টিন,20.6025,92.3296,27.7,25.0
2026-10-11,Saint Martin,সেন্ট মার্টিন,20.6025,92.3296,28.6,25.4
2026-10-09,Sandwip,সন্দ্বীপ,22.4833,91.4333,27.6,26.9
2026-10-10,Sandwip,সন্দ্বীপ,22.4833,91.4333,28.2,26.5
2026-10-11,Sandwip,সন্দ্বীপ,22.4833,91.4333,29.2,26.8
2026-10-09,Satkhira,সাতক্ষীরা,22.7167,89.0833,31.6,22.8
2026-10-10,Satkhira,সাতক্ষীরা,22.7167,89.0833,31.0,22.4
2026-10-11,Satkhira,সাতক্ষীরা,22.7167,89.0833,31.1,22.3
2026-10-09,Sayedpur,সৈয়দপুর,25.75,88.9167,29.9,21.5
2026-10-10,Sayedpur,সৈয়দপুর,25.75,88.9167,30.9,21.2
2026-10-11,Sayedpur,সৈয়দপুর,25.75,88.9167,31.5,21.6
2026-10-09,Sitakundu,সীতাকুন্ডু,22.5833,91.7,29.6,24.6
2026-10-10,Sitakundu,সীতাকুন্ডু,22.5833,91.7,30.6,21.2
2026-10-11,Sitakundu,সীতাকুন্ডু,22.5833,91.7,32.3,20.5
2026-10-09,Srimangal,শ্রীমঙ্গল,24.3,91.7333,31.0,24.0
2026-10-10,Srimangal,শ্রীমঙ্গল,24.3,91.7333,31.4,21.3
2026-10-11,Srimangal,শ্রীমঙ্গল,24.3,91.7333,32.2,20.8
2026-10-09,Sylhet,সিলেট,24.9,91.8833,30.9,21.7
2026-10-10,Sylhet,সিলেট,24.9,91.8833,32.2,22.3
2026-10-11,Sylhet,সিলেট,24.9,91.8833,33.0,22.6
2026-10-09,Tangail,টাঙ্গাইল,24.25,89.9333,30.2,22.6
2026-10-10,Tangail,টাঙ্গাইল,24.25,89.9333,30.9,21.9
2026-10-11,Tangail,টাঙ্গাইল,24.25,89.9333,31.4,21.7
2026-10-09,Tarash,তাড়াশ,24.4354,89.3734,30.2,22.8
2026-10-10,Tarash,তাড়াশ,24.4354,89.3734,30.9,22.0
2026-10-11,Tarash,তাড়াশ,24.4354,89.3734,31.3,21.9
2026-10-09,Teknaf,টেকনাফ,20.8667,92.3,29.9,25.6
2026-10-10,Teknaf,টেকনাফ,20.8667,92.3,30.3,21.1
2026-10-11,Teknaf,টেকনাফ,20.8667,92.3,32.1,20.9
2026-10-09,Tetulia,তেঁতুলিয়া,26.4919,88.4713,30.4,20.5
2026-10-10,Tetulia,তেঁতুলিয়া,26.4919,88.4713,30.4,21.1
2026-10-11,Tetulia,তেঁতুলিয়া,26.4919,88.4713,31.6,20.8
