date,production_capacity_mmcfd,production_mmcfd,rlng_mmcfd,power_demand_mmcfd,power_supply_mmcfd,fertilizer_demand_mmcfd,fertilizer_supply_mmcfd,others_supply_mmcfd,total_supply_mmcfd
2025-09-20,3829,2795.3,1023.7,2420.9,1011.1,329.0,126.4,1579.2,2716.8
2025-09-21,3829,2818.1,1034.8,2420.9,1036.0,329.0,125.4,1631.0,2792.5
2025-09-22,3829,2844.9,1052.8,2420.9,981.1,329.0,125.0,1641.0,2747.1
2025-09-23,3829,2821.3,1033.3,2420.9,978.0,329.0,125.3,1630.6,2733.9
2025-09-24,3829,2815.2,1022.1,2420.9,975.4,329.0,125.4,1630.3,2731.2
2025-09-25,3829,2823.8,1040.3,2420.9,999.3,329.0,125.9,1628.3,2753.5
2025-09-26,3829,2651.8,908.0,2420.9,960.3,329.0,126.5,1422.1,2509.0
2025-09-27,3829,2728.7,981.7,2420.9,982.1,329.0,126.8,1611.1,2719.9
2025-09-28,3829,2809.2,1041.8,2420.9,978.4,329.0,126.9,1569.0,2674.3
2025-09-29,3829,2813.5,1026.3,2420.9,985.0,329.0,125.5,1641.5,2752.0
2025-09-30,3829,2753.4,969.3,2420.9,952.5,329.0,126.4,1539.6,2618.5
2025-10-01,3829,2676.7,902.6,2420.9,947.2,329.0,128.0,1536.6,2611.9
2025-10-02,3829,2669.6,902.5,2420.9,947.4,329.0,130.2,1435.9,2513.5
2025-10-03,3829,2670.0,925.4,2524.9,1002.4,329.0,137.0,1313.3,2452.7
2025-10-04,3829,2671.6,908.6,2524.9,1024.2,329.0,157.6,1518.9,2700.7
2025-10-05,3829,2673.5,887.3,2524.9,933.1,329.0,159.9,1524.8,2617.8
2025-10-06,3854,2711.7,922.6,2524.9,927.2,329.0,161.1,1600.3,2688.5
2025-10-07,3854,2721.0,927.6,2524.9,926.7,329.0,162.3,1586.1,2675.2
2025-10-08,3854,2718.2,923.0,2524.9,925.2,329.0,164.2,1567.1,2656.4
2025-10-09,3829,2710.2,914.9,2524.9,908.5,329.0,165.2,1567.0,2640.7
2025-10-10,3829,2690.8,912.4,2524.9,856.6,329.0,165.2,1394.3,2416.0
2025-10-11,3854,2690.3,902.3,2524.9,866.0,329.0,164.5,1661.2,2691.7
2025-10-12,3854,2693.3,902.5,2524.9,859.5,329.0,145.1,1659.1,2663.8
2025-10-13,3854,2693.4,901.6,2486.9,881.5,329.0,130.7,1650.1,2662.4
2025-10-14,3854,2727.8,941.2,2486.9,863.1,329.0,130.1,1669.8,2662.9
2025-10-15,3854,2727.5,933.5,2486.9,864.2,329.0,117.0,1673.9,2655.2
2025-10-16,3829,2736.8,947.9,2486.9,871.1,329.0,117.5,1670.9,2659.4
2025-10-17,3829,2716.8,950.9,2486.9,890.7,329.0,125.5,1513.9,2530.1
2025-10-18,3854,2714.9,948.4,2486.9,903.0,329.0,118.4,1666.0,2687.5
2025-10-19,3854,2717.5,952.6,2486.9,903.0,329.0,116.5,1673.8,2693.3
2025-10-20,3854,2723.0,953.0,2486.9,886.4,329.0,120.8,1667.3,2674.5
2025-10-21,3829,2723.8,952.5,2524.9,890.2,329.0,120.8,1637.7,2648.7
2025-10-22,3854,2722.4,952.7,2486.9,878.5,329.0,127.2,1670.7,2676.4
2025-10-23,3854,2725.1,952.1,2486.9,877.7,329.0,128.5,1648.8,2655.0
2025-10-24,3854,2670.4,922.0,2486.9,892.8,329.0,129.1,1443.1,2465.0
2025-10-25,3854,2696.2,949.1,2486.9,952.5,329.0,131.6,1629.8,2713.9
2025-10-26,3854,2722.2,962.3,2486.9,949.1,329.0,149.1,1662.9,2761.1
2025-10-27,3854,2736.7,982.7,2486.9,889.5,329.0,171.2,1581.4,2642.1
2025-10-28,3854,2734.2,975.4,2486.9,884.8,329.0,194.6,1600.9,2680.3
2025-10-29,3854,2752.8,982.6,2486.9,875.6,329.0,199.4,1520.8,2595.7
2025-10-30,3829,2763.2,992.5,2524.9,942.3,329.0,192.0,1415.3,2549.7
2025-11-01,3854,2748.1,1002.7,2486.9,990.4,329.0,154.1,1523.8,2668.3
2025-11-02,3854,2715.6,954.7,2486.9,919.3,329.0,174.0,1576.8,2670.2
2025-11-03,3854,2613.2,856.5,2486.9,873.9,329.0,171.2,1551.1,2596.2
2025-11-04,3854,2614.9,852.5,2486.9,831.4,329.0,160.3,1545.7,2537.4
2025-11-05,3854,2612.1,851.8,2486.9,788.4,329.0,184.4,1504.0,2476.8
2025-11-06,3854,2621.6,852.8,2486.9,801.3,329.0,193.7,1539.9,2534.9
2025-11-07,3854,2511.3,745.1,2486.9,815.1,329.0,196.1,1234.9,2246.1
2025-11-08,3854,2645.1,882.2,2486.9,819.0,329.0,191.0,1579.7,2589.7
2025-11-09,3854,2642.0,883.3,2486.9,790.6,329.0,194.8,1570.6,2556.1
2025-11-10,3854,2625.2,873.1,2486.9,754.9,329.0,201.3,1600.2,2556.4
2025-11-11,3854,2634.5,873.3,2486.9,768.6,329.0,202.1,1556.5,2527.2
2025-11-12,3854,2638.0,872.9,2486.9,762.8,329.0,204.1,1546.4,2513.3
2025-11-13,3854,2638.9,872.6,2486.9,766.4,329.0,190.2,1552.1,2508.7
2025-11-14,3854,2653.6,892.3,2486.9,753.6,329.0,189.4,1440.1,2383.1
2025-11-15,3854,2654.3,889.9,2486.9,792.2,329.0,188.8,1575.0,2556.0
2025-11-16,3854,2639.9,876.6,2486.9,805.0,329.0,189.1,1562.8,2556.9
2025-11-17,3854,2645.4,883.4,2486.9,758.8,329.0,188.4,1587.2,2534.4
2025-11-18,3854,2634.5,883.3,2486.9,731.7,329.0,187.6,1573.7,2493.0
2025-11-19,3854,2610.1,856.8,2486.9,754.4,329.0,187.5,1580.8,2522.7
2025-11-20,3854,2469.3,729.5,2486.9,669.3,329.0,187.2,1479.1,2335.7
2025-11-21,3854,2626.5,882.1,2486.9,687.9,329.0,187.1,1426.5,2301.5
2025-11-22,3854,2635.3,882.6,2486.9,761.1,329.0,191.1,1547.5,2499.7
2025-11-23,3854,2616.2,882.2,2486.9,766.6,329.0,198.4,1506.7,2471.7
2025-11-24,3854,2608.2,882.7,2486.9,775.3,329.0,202.2,1505.1,2482.6
2025-11-25,3854,2618.5,881.7,2486.9,740.2,329.0,203.6,1590.9,2534.7
2025-11-26,3854,2642.2,886.7,2486.9,770.6,329.0,206.5,1569.1,2546.2
2025-11-27,3854,2637.4,882.2,2486.9,760.2,329.0,209.0,1563.8,2533.1
2025-11-29,3854,2653.1,909.2,2486.9,739.6,329.0,214.9,1560.8,2515.3
2025-11-30,3854,2634.0,896.0,2486.9,782.6,329.0,217.4,1589.4,2589.4
2025-12-01,3854,2626.2,892.4,2486.9,754.3,329.0,214.0,1551.5,2519.7
2025-12-02,3854,2644.7,891.0,2486.9,739.5,329.0,226.7,1554.0,2520.2
2025-12-03,3854,2658.4,891.7,2486.9,725.2,329.0,227.5,1575.1,2527.8
2025-12-04,3854,2671.7,892.1,2486.9,743.4,329.0,225.9,1556.7,2526.0
2025-12-05,3854,2667.8,892.0,2486.9,737.6,329.0,226.5,1422.4,2386.5
2025-12-06,3854,2664.8,890.7,2486.9,762.4,329.0,225.0,1570.2,2557.6
2025-12-07,3854,2666.8,893.0,2486.9,757.7,329.0,226.0,1580.6,2564.3
2025-12-08,3854,2648.7,874.5,2486.9,782.5,329.0,226.5,1575.4,2584.4
2025-12-09,3854,2644.5,872.3,2486.9,747.4,329.0,228.9,1564.9,2541.2
2025-12-10,3854,2641.9,871.8,2486.9,739.7,329.0,228.9,1553.2,2521.9
2025-12-11,3854,2644.7,876.0,2486.9,735.7,329.0,212.9,1556.7,2505.3
2025-12-12,3854,2643.3,871.9,2486.9,735.7,329.0,207.6,1446.2,2389.5
2025-12-13,3854,2642.9,872.2,2486.9,797.4,329.0,208.1,1588.1,2593.6
2025-12-14,3854,2633.8,874.1,2486.9,733.7,329.0,208.8,1572.5,2515.1
2025-12-15,3854,2604.7,873.1,2486.9,704.4,329.0,208.6,1532.0,2445.0
2025-12-16,3854,2539.1,872.4,2486.9,712.5,329.0,213.6,1162.9,2089.0
2025-12-17,3854,2564.0,872.2,2486.9,753.4,329.0,228.2,1579.2,2560.8
2025-12-18,3854,2595.4,853.5,2486.9,729.1,329.0,232.9,1571.9,2533.9
2025-12-19,3854,2413.2,662.0,2486.9,697.0,329.0,234.9,1380.1,2312.0
2025-12-20,3854,2614.9,872.4,2486.9,706.1,329.0,233.7,1570.8,2510.6
2025-12-21,3854,2641.1,880.4,2486.9,701.8,329.0,241.7,1610.1,2553.6
2025-12-22,3854,2627.5,862.4,2486.9,692.8,329.0,216.6,1580.7,2490.1
2025-12-23,3854,2629.8,862.6,2486.9,677.6,329.0,202.2,1600.4,2480.1
2025-12-24,3854,2622.3,861.5,2486.9,639.1,329.0,207.9,1617.4,2464.4
2025-12-25,3854,2514.5,794.6,2486.9,643.6,329.0,211.1,1542.1,2396.9
2025-12-26,3854,2426.8,703.5,2486.9,587.0,329.0,209.1,1407.6,2203.8
2025-12-27,3854,2443.5,701.9,2486.9,613.5,329.0,206.4,1564.2,2384.2
2025-12-28,3854,2547.7,783.4,2486.9,712.8,329.0,216.8,1539.2,2468.7
2025-12-29,3854,2634.9,876.4,2486.9,684.5,329.0,224.4,1556.9,2465.8
2025-12-30,3854,2637.8,891.8,2486.9,650.1,329.0,221.3,1546.3,2417.7
2026-01-01,3854,2557.4,891.9,2486.9,684.6,329.0,227.3,1539.1,2451.0
2026-01-02,3854,2632.5,930.6,2486.9,662.6,329.0,229.9,1438.8,2331.3
2026-01-03,3854,2635.5,931.7,2524.9,700.2,329.0,232.4,1581.6,2514.2
2026-01-04,3854,2647.0,917.2,2524.9,748.6,329.0,234.3,1563.8,2546.6
2026-01-05,3854,2594.7,854.3,2524.9,771.9,329.0,237.4,1585.5,2594.8
2026-01-06,3854,2585.9,838.4,2524.9,743.3,329.0,240.6,1578.5,2562.3
2026-01-07,3854,2578.5,832.3,2524.9,696.1,329.0,233.8,1599.4,2529.3
2026-01-08,3854,2591.0,831.7,2524.9,684.6,329.0,240.7,1533.2,2458.4
2026-01-09,3854,2639.8,879.1,2524.9,655.0,329.0,238.7,1445.4,2339.0
2026-01-10,3854,2619.3,868.0,2524.9,679.5,329.0,238.1,1582.4,2500.1
2026-01-11,3854,2596.0,840.1,2524.9,677.3,329.0,243.8,1574.5,2495.6
2026-01-12,3854,2603.6,849.4,2524.9,641.7,329.0,243.0,1567.9,2452.6
2026-01-13,3854,2600.4,843.9,2524.9,668.1,329.0,220.3,1573.5,2461.9
2026-01-14,3854,2600.2,842.3,2524.9,673.0,329.0,212.2,1564.1,2449.4
2026-01-15,3854,2600.3,842.0,2524.9,666.3,329.0,223.0,1551.9,2441.3
2026-01-16,3854,2567.8,812.9,2524.9,692.3,329.0,211.3,1439.6,2343.2
2026-01-17,3854,2568.9,812.2,2524.9,689.1,329.0,209.3,1553.0,2451.4
2026-01-19,3854,2600.4,847.1,2486.9,687.0,329.0,210.1,1556.3,2453.4
2026-01-20,3854,2597.0,848.1,2524.9,686.8,329.0,210.0,1553.2,2450.0
2026-01-21,3854,2589.1,841.1,2524.9,690.3,329.0,215.6,1550.1,2456.1
2026-01-22,3854,2591.1,840.8,2524.9,711.0,329.0,184.6,1554.8,2450.3
2026-01-23,3854,2566.0,817.9,2524.9,704.0,329.0,177.2,1432.6,2313.9
2026-01-24,3854,2492.3,744.9,2524.9,720.6,329.0,175.8,1498.0,2394.5
2026-01-25,3854,2624.4,882.6,2524.9,758.2,329.0,191.1,1548.9,2498.2
2026-01-26,3854,2588.2,842.3,2524.9,737.6,329.0,173.8,1523.4,2434.8
2026-01-27,3854,2588.3,842.4,2524.9,748.0,329.0,190.2,1520.7,2459.0
2026-01-28,3854,2587.6,842.5,2524.9,751.3,329.0,190.4,1368.7,2310.5
2026-01-30,3854,2558.6,821.9,2524.9,758.5,329.0,194.3,1416.5,2369.3
2026-02-01,3854,2686.8,945.1,2524.9,773.1,329.0,193.2,1505.9,2472.2
2026-02-02,3854,2689.7,952.2,2524.9,758.9,329.0,197.7,1546.5,2503.1
2026-02-03,3854,2688.0,951.6,2524.9,741.1,329.0,202.7,1489.3,2433.1
2026-02-04,3854,2676.1,952.3,2524.9,799.2,329.0,198.1,1354.2,2351.4
2026-02-05,3854,2665.3,951.7,2524.9,814.5,329.0,170.2,1561.6,2546.3
2026-02-06,3854,2670.0,952.4,2524.9,800.0,329.0,181.8,1503.8,2485.5
2026-02-07,3854,2675.1,952.1,2524.9,824.5,329.0,192.7,1598.1,2615.3
2026-02-08,3854,2674.0,952.2,2524.9,793.5,329.0,200.4,1573.3,2567.2
2026-02-09,3854,2674.1,952.1,2524.9,832.9,329.0,207.4,1514.5,2554.8
2026-02-10,3854,2647.8,952.0,2524.9,803.6,329.0,207.1,1184.4,2195.1
2026-02-11,3854,2178.7,830.1,2524.9,775.2,329.0,209.9,858.3,1843.5
2026-02-12,3854,1653.7,570.9,2524.9,753.1,329.0,210.3,708.9,1672.3
2026-02-13,3854,1958.6,571.0,2524.9,851.7,329.0,212.0,1052.3,2115.9
2026-02-14,3854,2249.7,566.8,2524.9,837.9,329.0,209.6,1444.0,2491.5
2026-02-15,3854,2300.4,569.1,2524.9,755.6,329.0,195.4,1304.7,2255.6
2026-02-16,3854,2688.6,960.2,2524.9,732.2,329.0,188.9,1388.0,2309.1
2026-02-17,3854,2644.1,952.4,2524.9,771.6,329.0,186.0,1544.3,2501.9
2026-02-18,3854,2635.7,942.2,2524.9,779.9,329.0,173.6,1543.2,2496.7
2026-02-19,3854,2663.0,941.8,2524.9,847.1,329.0,174.6,1517.4,2539.1
2026-02-20,3854,2644.1,952.4,2524.9,771.6,329.0,186.0,1544.3,2501.9
2026-02-21,3854,2649.0,941.7,2524.9,860.4,329.0,176.7,1390.0,2427.1
2026-02-22,3854,2653.2,941.9,2524.9,876.3,329.0,180.8,1579.0,2636.1
2026-02-23,3854,2647.8,931.8,2524.9,876.8,329.0,200.2,1514.2,2591.2
2026-02-24,3854,2604.8,890.0,2524.9,838.4,329.0,206.0,1490.4,2534.7
2026-02-25,3854,2563.9,848.9,2524.9,772.7,329.0,181.4,1417.7,2371.8
2026-02-26,3854,2609.8,906.0,2524.9,811.3,329.0,171.1,1475.9,2458.3
2026-02-27,3854,2655.0,945.6,2524.9,839.0,329.0,169.4,1445.3,2453.6
2026-03-01,3854,2660.0,950.2,2524.9,869.7,329.0,171.8,1487.3,2528.8
2026-03-02,3854,2662.2,952.5,2524.9,825.1,329.0,174.2,1478.6,2477.9
2026-03-03,3854,2659.5,951.9,2524.9,861.8,329.0,171.5,1485.1,2518.4
2026-03-04,3854,2574.8,865.9,2524.9,846.5,329.0,105.2,1494.5,2446.1
2026-03-05,3854,2554.0,845.8,2524.9,846.1,329.0,63.8,1505.5,2415.4
2026-03-06,3854,2549.3,841.9,2524.9,849.4,329.0,59.9,1455.6,2364.8
2026-03-07,3854,2550.2,842.0,2524.9,863.6,329.0,56.2,1523.5,2443.3
2026-03-08,3854,2539.6,842.2,2524.9,798.3,329.0,62.2,1518.7,2379.1
2026-03-09,3854,2550.5,842.1,2524.9,824.5,329.0,62.2,1495.9,2382.7
2026-03-10,3854,2564.7,842.0,2524.9,825.9,329.0,62.7,1525.2,2413.9
2026-03-11,3854,2560.8,842.2,2524.9,837.4,329.0,62.5,1516.2,2416.0
2026-03-12,3854,2558.5,842.2,2524.9,823.8,329.0,59.6,1521.0,2404.4
2026-03-13,3854,2542.8,842.8,2524.9,795.9,329.0,57.2,1495.8,2348.8
2026-03-14,3854,2543.1,842.1,2524.9,815.8,329.0,57.1,1538.0,2410.9
2026-03-15,3854,2547.8,841.9,2524.9,803.2,329.0,56.9,1543.0,2403.1
2026-03-16,3854,2553.3,842.9,2524.9,821.2,329.0,57.0,1530.6,2408.7
2026-03-17,3854,2560.3,857.8,2524.9,819.5,329.0,54.6,1541.4,2415.6
2026-03-18,3854,2423.0,752.9,2524.9,762.0,329.0,53.3,1314.8,2130.2
2026-03-19,3854,2028.2,582.7,2524.9,836.1,329.0,53.7,913.8,1803.6
2026-03-20,3854,1878.1,545.4,2524.9,779.8,329.0,53.6,836.8,1670.3
2026-03-21,3854,1702.2,551.4,2524.9,723.4,329.0,52.6,787.8,1563.9
2026-03-22,3854,1612.8,538.3,2524.9,806.7,329.0,25.8,827.8,1660.2
2026-03-23,3854,1842.6,549.3,2524.9,908.2,329.0,48.8,897.8,1854.8
2026-03-24,3854,2119.7,620.3,2524.9,988.5,329.0,53.8,1053.7,2096.0
2026-03-25,3854,2286.6,693.4,2524.9,976.3,329.0,54.6,1167.3,2198.2
2026-03-26,3854,2252.3,641.2,2524.9,944.9,329.0,54.0,1139.6,2138.5
2026-03-27,3854,2287.5,653.1,2524.9,896.3,329.0,54.1,1236.2,2186.7
2026-03-28,3854,2460.2,785.4,2524.9,867.4,329.0,54.4,1452.6,2374.4
2026-03-29,3854,2529.8,822.4,2524.9,884.2,329.0,54.3,1522.9,2461.5
2026-03-30,3854,2530.3,821.6,2524.9,857.2,329.0,54.4,1517.1,2428.7
2026-04-01,3854,2651.8,942.1,2524.9,855.9,329.0,74.5,1532.1,2462.4
2026-04-02,3854,2645.7,942.2,2524.9,859.8,329.0,90.7,1524.2,2474.7
2026-04-03,3854,2630.6,942.4,2524.9,898.3,329.0,87.5,1441.8,2427.6
2026-04-04,3854,2628.0,942.1,2524.9,913.2,329.0,70.2,1544.7,2528.0
2026-04-05,3854,2650.7,952.6,2524.9,906.7,329.0,71.3,1546.4,2524.5
2026-04-06,3854,2641.3,952.3,2524.9,883.4,329.0,72.1,1533.9,2489.4
2026-04-07,3854,2655.9,952.8,2524.9,926.7,329.0,73.3,1549.2,2549.2
2026-04-08,3854,2656.0,952.3,2524.9,906.7,329.0,75.6,1532.0,2514.3
2026-04-09,3854,2653.9,952.2,2524.9,913.2,329.0,79.0,1519.5,2511.7
2026-04-10,3854,2650.7,952.5,2524.9,940.0,329.0,80.4,1388.8,2409.2
2026-04-11,3854,2643.3,950.0,2524.9,945.4,329.0,80.3,1514.3,2540.0
2026-04-12,3854,2648.1,961.8,2524.9,927.3,329.0,80.1,1550.8,2558.2
2026-04-13,3854,2655.3,962.3,2524.9,909.7,329.0,79.4,1536.7,2525.8
2026-04-14,3854,2642.2,954.8,2524.9,927.9,329.0,80.0,1381.0,2388.9
2026-04-15,3854,2634.0,952.6,2524.9,937.0,329.0,79.9,1561.4,2578.3
2026-04-16,3854,2650.1,965.9,2524.9,910.8,329.0,79.7,1549.2,2539.7
2026-04-17,3854,2658.7,966.0,2524.9,905.5,329.0,79.3,1499.4,2484.2
2026-04-18,3854,2629.0,955.9,2524.9,915.6,329.0,79.1,1547.4,2542.0
2026-04-19,3854,2647.6,953.6,2524.9,922.6,329.0,78.6,1552.4,2553.7
2026-04-20,3854,2598.0,907.8,2524.9,898.6,329.0,79.3,1539.9,2517.8
2026-04-21,3854,2653.7,962.9,2524.9,891.6,329.0,78.2,1522.2,2491.9
2026-04-22,3854,2686.1,995.9,2524.9,938.0,329.0,78.0,1531.4,2547.5
2026-04-23,3854,2673.0,984.1,2524.9,958.4,329.0,79.4,1524.2,2562.0
2026-04-24,3854,2642.2,969.6,2524.9,962.6,329.0,80.7,1397.8,2441.1
2026-04-25,3854,2614.7,935.6,2524.9,942.8,329.0,80.3,1517.9,2541.0
2026-04-26,3854,2637.7,975.2,2524.9,874.5,329.0,80.4,1530.9,2485.8
2026-04-27,3854,2653.0,983.1,2524.9,901.4,329.0,81.1,1529.6,2512.2
2026-04-28,3854,2638.5,961.9,2524.9,852.1,329.0,81.3,1539.2,2472.6
2026-04-29,3854,2605.0,946.9,2524.9,793.3,329.0,85.8,1578.3,2457.4
2026-05-01,3854,2634.6,998.6,2524.9,826.1,329.0,130.5,1184.4,2140.9
2026-05-02,3854,2618.4,977.8,2524.9,919.9,329.0,153.1,1518.4,2591.5
2026-05-03,3854,2707.7,1035.2,2524.9,931.7,329.0,157.3,1569.6,2658.6
2026-05-04,3854,2751.1,1069.3,2524.9,930.8,329.0,161.2,1567.2,2659.2
2026-05-05,3854,2733.8,1050.1,2524.9,926.8,329.0,164.1,1539.2,2630.0
2026-05-06,3854,2732.0,1050.1,2524.9,917.4,329.0,165.8,1508.1,2591.3
2026-05-07,3854,2751.3,1067.3,2524.9,925.7,329.0,164.8,1505.3,2595.8
2026-05-08,3854,2749.9,1071.7,2524.9,929.9,329.0,164.5,1465.3,2559.7
2026-05-09,3854,2755.9,1075.8,2524.9,949.1,329.0,165.3,1517.9,2632.3
2026-05-10,3854,2753.2,1073.6,2524.9,927.1,329.0,165.8,1516.2,2609.0
2026-05-11,3854,2755.6,1075.6,2524.9,896.6,329.0,165.8,1532.7,2595.1
2026-05-12,3854,2758.8,1072.5,2524.9,944.7,329.0,166.2,1524.4,2635.3
2026-05-13,3854,2747.1,1063.8,2524.9,947.7,329.0,165.7,1520.6,2634.0
2026-05-14,3854,2747.1,1071.0,2524.9,921.0,329.0,166.3,1518.7,2606.0
2026-05-15,3854,2741.0,1066.8,2524.9,943.5,329.0,166.4,1438.9,2548.9
2026-05-16,3854,2740.7,1071.9,2524.9,933.5,329.0,166.6,1524.6,2624.7
2026-05-17,3854,2756.8,1074.2,2524.9,947.3,329.0,166.6,1524.8,2638.6
2026-05-18,3854,2737.4,1054.1,2524.9,939.1,329.0,167.4,1509.4,2615.9
2026-05-19,3854,2757.1,1073.1,2524.9,936.2,329.0,164.8,1506.3,2607.4
2026-05-20,3854,2744.9,1067.5,2524.9,914.6,329.0,166.0,1514.5,2595.1
2026-05-21,3854,2746.8,1065.7,2524.9,917.7,329.0,165.8,1532.3,2615.7
2026-05-22,3854,2674.7,1009.0,2524.9,906.7,329.0,165.9,1494.5,2567.1
2026-05-23,3854,2743.3,1066.8,2524.9,934.6,329.0,164.2,1528.2,2627.0
2026-05-24,3854,2739.8,1068.6,2524.9,933.5,329.0,165.2,1522.5,2621.1
2026-05-25,3854,2720.0,1054.3,2524.9,913.1,329.0,165.2,1448.2,2526.5
2026-05-26,3854,2338.6,713.4,2524.9,929.0,329.0,164.2,1199.7,2292.9
2026-05-27,3854,2242.0,681.5,2524.9,833.9,329.0,163.7,901.2,1898.9
2026-05-28,3854,2131.2,659.8,2524.9,1040.9,329.0,165.1,820.7,2026.7
2026-05-29,3854,2197.3,651.3,2524.9,1063.9,329.0,163.6,850.0,2077.4
2026-05-30,3854,2064.6,525.8,2524.9,1105.4,329.0,164.9,846.1,2116.3
2026-06-01,3854,2235.9,573.9,2524.9,1051.5,329.0,164.0,1053.1,2268.6
2026-06-02,3854,2413.8,744.2,2524.9,952.2,329.0,164.0,1192.4,2308.6
2026-06-03,3854,2570.9,902.1,2524.9,944.0,329.0,164.6,1280.4,2389.1
2026-06-04,3854,2592.7,922.2,2524.9,946.8,329.0,164.8,1343.6,2455.2
2026-06-05,3854,2530.5,901.7,2524.9,912.2,329.0,164.1,1319.6,2396.0
2026-06-06,3854,2557.6,921.9,2524.9,892.2,329.0,164.7,1423.1,2480.0
2026-06-07,3854,2599.6,929.7,2524.9,913.0,329.0,164.3,1411.3,2488.6
2026-06-08,3854,2654.0,982.4,2524.9,920.5,329.0,165.5,1414.5,2500.5
2026-06-09,3854,2649.0,983.0,2524.9,929.0,329.0,167.6,1439.2,2535.7
2026-06-10,3854,2656.1,1003.3,2524.9,895.9,329.0,151.8,1444.1,2491.8
2026-06-11,3854,2644.1,1003.0,2524.9,866.4,329.0,150.2,1475.8,2492.4
2026-06-12,3854,2606.4,962.7,2524.9,879.0,329.0,152.4,1415.3,2446.8
2026-06-13,3854,2621.5,972.1,2524.9,872.2,329.0,154.1,1471.5,2497.8
2026-06-14,3854,2703.7,1055.7,2524.9,879.3,329.0,153.6,1499.0,2532.0
2026-06-15,3854,2694.6,1050.3,2524.9,893.6,329.0,160.3,1511.9,2565.8
2026-06-16,3854,2692.4,1046.4,2524.9,904.1,329.0,152.6,1514.4,2571.0
2026-06-17,3854,2695.4,1051.6,2524.9,895.7,329.0,152.6,1503.5,2551.8
2026-06-19,3854,2702.5,1051.4,2524.9,893.4,329.0,152.5,1501.5,2547.3
2026-06-20,3854,2694.1,1046.2,2524.9,919.7,329.0,151.8,1511.1,2582.6
2026-06-21,3854,2669.2,1022.2,2524.9,907.4,329.0,151.6,1505.4,2564.4
2026-06-22,3854,2647.5,1008.0,2524.9,917.3,329.0,151.6,1475.1,2544.1
2026-06-23,3854,2643.0,1002.9,2524.9,899.0,329.0,151.5,1462.3,2512.8
2026-06-24,3854,2639.5,1002.7,2524.9,917.3,329.0,151.5,1460.8,2529.7
2026-06-25,3854,2609.6,970.6,2524.9,899.0,329.0,151.3,1453.6,2503.9
2026-06-26,3854,2704.0,1066.2,2524.9,898.9,329.0,150.8,1390.2,2439.9
2026-06-27,3854,2654.9,1025.7,2524.9,912.1,329.0,150.8,1494.1,2557.0
2026-06-28,3854,2687.4,1052.2,2524.9,907.7,329.0,150.6,1473.6,2531.9
2026-06-29,3854,2708.6,1070.7,2524.9,929.4,329.0,151.9,1491.5,2572.8
2026-07-01,3854,2683.0,1051.0,2524.9,979.6,329.0,149.2,1455.2,2584.0
2026-07-02,3854,2686.0,1055.3,2524.9,961.4,329.0,149.3,1456.0,2566.7
2026-07-03,3854,2656.6,1032.3,2524.9,959.3,329.0,147.5,1384.8,2491.6
2026-07-04,3854,2656.6,1032.8,2524.9,961.0,329.0,146.7,1463.6,2571.4
2026-07-05,3854,2670.8,1041.6,2524.9,950.3,329.0,124.0,1418.5,2492.8
2026-07-06,3854,2534.0,907.1,2524.9,947.0,329.0,117.7,1451.5,2516.2
2026-07-07,3854,2393.5,761.1,2524.9,862.4,329.0,117.7,1334.9,2315.0
2026-07-08,3854,2613.3,979.3,2524.9,832.8,329.0,117.7,1397.4,2348.0
2026-07-09,3854,2645.4,1016.5,2524.9,880.1,329.0,117.3,1478.5,2475.9
2026-07-11,3854,2654.8,1033.5,2524.9,939.7,329.0,117.1,1402.5,2459.3
2026-07-12,3854,2672.8,1014.8,2524.9,982.0,329.0,118.6,1465.4,2566.0
2026-07-13,3854,2680.3,1027.5,2524.9,980.3,329.0,115.5,1462.6,2558.5
2026-07-14,3854,2686.0,1037.0,2524.9,991.7,329.0,117.8,1462.8,2572.3
2026-07-15,3854,2692.7,1042.8,2524.9,990.5,329.0,119.3,1454.2,2564.0
2026-07-16,3854,2690.2,1044.2,2524.9,993.9,329.0,119.6,1441.6,2555.1
2026-07-17,3854,2622.0,975.7,2524.9,990.9,329.0,118.2,1386.5,2495.6
2026-07-18,3854,2616.9,966.5,2524.9,957.8,329.0,118.1,1419.8,2495.7
2026-07-19,3854,2622.3,976.3,2524.9,958.3,329.0,120.4,1423.7,2502.4
2026-07-20,3854,2640.1,993.5,2524.9,934.4,329.0,146.0,1410.2,2490.6
2026-07-21,3854,2265.1,621.6,2524.9,870.0,329.0,139.9,1319.4,2329.3
2026-07-22,3854,2211.8,561.8,2524.9,762.6,329.0,125.2,1210.1,2098.0
2026-07-23,3854,2218.2,566.0,2524.9,723.1,329.0,120.5,1228.3,2071.9
2026-07-24,3854,2195.9,543.8,2524.9,705.3,329.0,119.2,1216.6,2041.1
2026-07-25,3854,2151.7,501.1,2524.9,706.2,329.0,117.6,1238.9,2062.7
2026-07-26,3854,2151.1,500.7,2524.9,697.6,329.0,117.1,1218.7,2033.3
2026-07-27,3854,2152.0,500.9,2524.9,699.9,329.0,116.0,1215.0,2030.9
2026-07-28,3854,2118.8,468.1,2524.9,689.2,329.0,114.9,1220.5,2024.7
2026-07-29,3854,2153.5,501.0,2524.9,665.2,329.0,114.5,1243.2,2022.9
2026-07-30,3854,2153.8,500.9,2524.9,673.5,329.0,115.2,1252.7,2041.4
2026-08-01,3854,2142.9,501.0,2524.9,682.3,329.0,114.2,1311.5,2108.0
2026-08-02,3854,2139.8,495.9,2524.9,680.2,329.0,114.8,1303.0,2098.0
2026-08-03,3854,2129.3,490.5,2524.9,658.1,329.0,115.7,1319.9,2093.6
2026-08-04,3854,2140.3,490.7,2524.9,654.1,329.0,116.0,1322.8,2093.0
2026-08-05,3854,2158.6,515.5,2524.9,664.6,329.0,113.3,1245.0,2022.9
2026-08-06,3854,2367.1,733.6,2524.9,681.2,329.0,118.4,1451.2,2250.8
2026-08-07,3854,2342.6,721.5,2524.9,681.1,329.0,118.9,1488.7,2288.7
2026-08-08,3854,2352.9,729.5,2524.9,685.5,329.0,123.8,1540.3,2349.6
2026-08-09,3854,2374.9,749.0,2524.9,694.0,329.0,124.5,1520.8,2339.2
2026-08-10,3854,2199.1,563.4,2524.9,744.1,329.0,125.1,1392.6,2261.7
2026-08-11,3854,2109.6,467.8,2524.9,783.5,329.0,120.8,1260.6,2164.9
2026-08-12,3854,2039.2,403.0,2524.9,840.1,329.0,123.7,967.7,1931.4
2026-08-13,3854,1931.2,300.2,2524.9,953.1,329.0,140.9,855.5,1949.5
2026-08-14,3854,1921.9,300.5,2524.9,876.1,329.0,124.0,818.6,1818.6
2026-08-15,3854,2418.2,803.8,2524.9,934.3,329.0,142.9,1015.5,2092.7
2026-08-16,3854,2275.6,651.9,2524.9,942.8,329.0,147.6,1331.3,2421.7
2026-08-17,3854,2262.8,624.6,2524.9,945.1,329.0,151.8,1180.2,2277.0
2026-08-18,3854,2263.8,626.6,2524.9,955.6,329.0,154.1,1113.0,2222.7
2026-08-19,3854,2224.4,589.1,2524.9,933.4,329.0,141.5,1090.5,2165.4
2026-08-20,3854,2200.5,570.7,2524.9,914.8,329.0,140.1,1106.5,2161.4
2026-08-21,3854,2175.3,543.5,2524.9,930.2,329.0,148.1,1079.4,2157.7
2026-08-22,3854,2315.0,683.5,2524.9,937.3,329.0,150.0,1101.9,2189.2
2026-08-23,3854,2380.5,752.6,2524.9,927.1,329.0,153.9,1251.8,2332.8
2026-08-24,3854,2379.9,751.3,2524.9,883.2,329.0,156.3,1319.4,2358.9
2026-08-25,3854,2379.3,751.9,2524.9,891.0,329.0,157.3,1313.7,2362.0
2026-08-26,3854,2366.0,738.6,2524.9,880.4,329.0,159.8,1316.6,2356.7
2026-08-27,3854,2360.0,731.6,2524.9,873.2,329.0,161.5,1306.9,2341.7
2026-08-28,3854,2336.6,711.0,2524.9,864.7,329.0,166.6,1284.7,2316.0
2026-08-29,3854,2307.1,682.5,2524.9,852.9,329.0,142.7,1261.5,2257.1
2026-08-30,3854,2328.9,701.8,2524.9,878.6,329.0,162.2,1304.4,2345.3
2026-09-01,3854,2333.4,701.6,2524.9,856.7,329.0,171.6,1283.8,2312.2
2026-09-02,3854,2336.3,701.7,2524.9,871.1,329.0,171.3,1262.8,2305.2
2026-09-03,3854,2332.7,701.8,2524.9,859.9,329.0,171.7,1264.6,2296.1
2026-09-04,3854,2334.7,702.1,2524.9,873.7,329.0,173.3,1250.6,2297.6
2026-09-05,3854,2333.5,702.9,2524.9,875.1,329.0,190.2,1269.0,2334.3
2026-09-06,3854,2329.2,698.8,2524.9,861.4,329.0,195.9,1254.8,2312.1
2026-09-07,3854,2333.7,703.0,2524.9,853.1,329.0,153.0,1283.7,2289.9
2026-09-08,3854,2295.5,665.5,2524.9,861.1,329.0,150.7,1276.2,2288.0
2026-09-09,3854,2301.8,672.6,2524.9,832.8,329.0,153.9,1262.1,2248.8
2026-09-10,3854,2327.9,701.7,2524.9,868.2,329.0,152.2,1286.3,2306.6
2026-09-11,3854,2333.3,707.1,2524.9,864.9,329.0,152.3,1254.2,2271.3
2026-09-12,3854,2331.9,709.8,2524.9,881.2,329.0,150.6,1296.2,2327.9
2026-09-13,3854,2345.3,731.6,2524.9,871.7,329.0,152.2,1290.9,2314.8
2026-09-14,3854,2478.1,858.4,2524.9,884.7,329.0,158.5,1326.2,2369.5
2026-09-15,3854,2604.0,982.6,2524.9,931.3,329.0,159.5,1417.8,2508.6
2026-09-16,3854,2606.1,982.9,2524.9,947.9,329.0,159.4,1483.7,2591.0
2026-09-17,3854,2600.1,982.1,2524.9,927.8,329.0,151.9,1471.4,2551.2
2026-09-18,3854,2608.4,982.9,2524.9,931.4,329.0,150.9,1436.3,2518.6
2026-09-19,3854,2616.4,982.2,2524.9,937.8,329.0,154.3,1510.9,2602.9
2026-09-20,3854,2583.3,983.4,2524.9,899.5,329.0,123.7,1497.9,2521.0
2026-09-21,3854,2576.5,980.7,2524.9,899.1,329.0,123.4,1509.7,2532.3
