published,outage_date,outage_until,from_time,to_time,district,zone,title,url
2026-10-08,2026-10-10,2026-10-10,07:00,17:00,Bogra,Rajshahi,"বিদ্যুৎ বন্ধের বিজ্ঞপ্তিঃ বিক্রয় ও বিতরণ বিভাগ-১,নেসকো,বগুড়া দপ্তরের ৩৩ কেভি ফিডারের মেরামত ও সংরক্ষণ কাজের জন্য আগামী ১০/১০/২০২৬ ইং তারিখ (রোজ শনিবার) সকাল ০৭:০০ ঘটিকা হতে বিকাল ০৫:০০ ঘটিকা পর্যন্ত নিম্নোক্ত শিডিউল অনুযায়ী বিদ্যুৎ সরবরাহ বন্ধ থাকবে।",https://objectstorage.ap-dcc-gazipur-1.oraclecloud15.com/n/axvjbnqprylg/b/V2Ministry/o/office-nesco/2026/9/ae2bac9e-9313-4fa1-841d-97744f41934a.pdf
2026-10-07,2026-10-08,2026-10-08,07:30,14:00,Rajshahi,Rajshahi,"বিক্রয় ও বিতরণ বিভাগ-বিমানবন্দর,নেসকো, রাজশাহী দপ্তরের গ্রাহকদের জানানো যাচ্ছে যে, বিদ্যুৎ লাইনের নিকটবর্তী গাছপালার শাখা-প্রশাখা কর্তনের জন্য ০৮/১০/২০২৬ (বৃহস্পতিবার) সকাল ৭:৩০ থেকে দুপুর ২:০০টা পর্যন্ত নিম্নোক্ত শিডিউল অনুযায়ী বিদ্যুৎ সরবরাহ বন্ধ থাকবে।",https://objectstorage.ap-dcc-gazipur-1.oraclecloud15.com/n/axvjbnqprylg/b/V2Ministry/o/office-nesco/2026/9/93a0041a-2f59-4016-814a-7282de92736f.pdf
2026-10-06,2026-10-07,2026-10-07,07:30,14:00,Rajshahi,Rajshahi,"বিক্রয় ও বিতরণ বিভাগ-বিমানবন্দর, নেসকো, রাজশাহী দপ্তরের গ্রাহকের জানানো যাচ্ছে যে, ১১ কেভি নওহাটা ও পোস্টাল ফিডারের নিকটবর্তী গাছের শাখা-প্রশাখা কর্তনের জন্য আগামী ০৭/১০/২০২৬ ইং রোজ বুধবার সকাল ০৭:৩০ ঘটিকা হইতে দুপুর ০২:০০ ঘটিকা পর্যন্ত বিদ্যুৎ বন্ধ থাকবে",https://objectstorage.ap-dcc-gazipur-1.oraclecloud15.com/n/axvjbnqprylg/b/V2Ministry/o/office-nesco/2026/9/91ac8264-a453-45d7-bdca-5199196d493b.pdf
2026-10-06,2026-10-07,2026-10-07,,,Rajshahi,Rajshahi,"বিক্রয় ও বিতরণ বিভাগ-২, নেসকো, রাজশাহী দপ্তরের গ্রাহকের জানানো যাচ্ছে যে, ১১ কেভি কেশবপুর, সার্কিট হাউজ, হার্ট ফাউন্ডেশন ফিডারের নিকটবর্তী গাছের শাখা-প্রশাখা কর্তনের জন্য আগামী ০৭/১০/২০২৬ ইং রোজ বুধবার নিম্নোত্ত সময় অনুসারে বিদ্যুৎ বন্ধ থাকবে।",https://objectstorage.ap-dcc-gazipur-1.oraclecloud15.com/n/axvjbnqprylg/b/V2Ministry/o/office-nesco/2026/9/1ad25623-7acc-4601-8a46-1e3d716d005d.pdf
2026-10-05,2026-10-06,2026-10-07,,,Nawabganj,Rajshahi,"শিবগঞ্জ বিদ্যুৎ সরবরাহ,নেসকো,চাঁপাইনবাবগঞ্জ দপ্তরের মনাকষা ফিডারের আওতাধীন লাইনের নিকটবর্তী গাছের শাখা-প্রশাখা কর্তনের জন্য আগামী ০৬/১০/২০২৬ খ্রি: রোজ মঙ্গলবার এবং ০৭/১০/২০২৬ খ্রি: রোজ বুধবার বিদ্যুৎ সরবরাহ বন্ধ থাকবে।",https://objectstorage.ap-dcc-gazipur-1.oraclecloud15.com/n/axvjbnqprylg/b/V2Ministry/o/office-nesco/2026/9/2cf5e1ad-ebf7-4c92-a5ec-92a0697b3ab1.pdf
2026-10-04,,,,,Rajshahi,Rajshahi,"বিক্রয় ও বিতরণ বিভাগ-২, নেসকো, রাজশাহীর আওতাধীন নিম্নোক্ত ফিডার/এলাকার গ্রাহকদের জানানো যাচ্ছে যে, আসন্ন দুর্গাপূজা ও বৈরী আবহাওয়ায় নিরবচ্ছিন্ন বিদ্যুৎ সরবরাহের লক্ষ্যে এই লাইনের পাশে গাছের ডালপালা কর্তনের জন্য ছক অনুযায়ী সাময়িক বিদ্যুৎ সরবরাহ বন্ধ থাকবে।",https://objectstorage.ap-dcc-gazipur-1.oraclecloud15.com/n/axvjbnqprylg/b/V2Ministry/o/office-nesco/2026/9/2ff149b7-ffb4-4d41-a8b1-b7fc3bf4db71.pdf
2026-10-01,2026-10-03,2026-10-03,07:00,14:00,Sirajganj,Rajshahi,"বিক্রয় ও বিতরণ বিভাগ-১, নেসকো, সিরাজগঞ্জ দপ্তরের গ্রাহকের জানানো যাচ্ছে যে, ১১ কেভি মুজিব সড়ক ও এস এস রোড ফিডারের নিকটবর্তী গাছের শাখা-প্রশাখা কর্তনের জন্য আগামী ০৩/১০/২০২৬ ইং রোজ শনিবার সকাল ০৭:০০ ঘটিকা হইতে দুপুর ০২:০০ ঘটিকা পর্যন্ত বিদ্যুৎ বন্ধ থাকবে।",https://objectstorage.ap-dcc-gazipur-1.oraclecloud15.com/n/axvjbnqprylg/b/V2Ministry/o/office-nesco/2026/9/ac192030-7c13-4748-9d14-3548a480c97e.pdf
2026-10-01,2026-10-02,2026-10-02,08:00,17:00,Rangpur,Rangpur,"বিক্রয় ও বিতরণ বিভাগ-২, নেসকো, রংপুর দপ্তরের গ্রাহকের জানানো যাচ্ছে যে, ১১ কেভি সার্কিট হাউস ফিডারের নিকটবর্তী গাছের শাখা-প্রশাখা কর্তনের জন্য আগামী ০২/১০/২০২৬ ইং রোজ শুক্রবার সকাল ০৮:০০ ঘটিকা হইতে বিকাল ০৫:০০ ঘটিকা পর্যন্ত বিদ্যুৎ বন্ধ থাকবে।",https://objectstorage.ap-dcc-gazipur-1.oraclecloud15.com/n/axvjbnqprylg/b/V2Ministry/o/office-nesco/2026/9/afa75e20-cb6d-4399-b846-bc9d15452595.pdf
2026-10-01,2026-10-03,2026-10-03,07:30,10:30,Rajshahi,Rajshahi,"বিক্রয় ও বিতরণ বিভাগ-বিমানবন্দর, নেসকো, রাজশাহী দপ্তরের গ্রাহকের জানানো যাচ্ছে যে, ১১ কেভি উপজেলা ফিডারের নিকটবর্তী গাছের শাখা-প্রশাখা কর্তনের জন্য আগামী ০৩/১০/২০২৬ ইং রোজ শনিবার সকাল ০৭:৩০ ঘটিকা হইতে সকাল ১০:৩০ ঘটিকা পর্যন্ত বিদ্যুৎ বন্ধ থাকবে।",https://objectstorage.ap-dcc-gazipur-1.oraclecloud15.com/n/axvjbnqprylg/b/V2Ministry/o/office-nesco/2026/9/4c1038a6-2ffa-41c6-a464-791cd77266b6.pdf
2026-10-01,2026-10-03,2026-10-03,09:00,17:00,Rajshahi,Rajshahi,"বিক্রয় ও বিতরণ বিভাগ, নেসকো, গোদাগাড়ী, রাজশাহী দপ্তরের গ্রাহকের জানানো যাচ্ছে যে, ৩৩ কেভি লাইনের নিকটবর্তী গাছপালা কর্তনের ও রক্ষণাবেক্ষণ কাজের জন্য আগামী ০৩/১০/২০২৬ ইং রোজ শনিবার সকাল ০৯:০০ ঘটিকা হইতে বিকাল ০৫:০০ ঘটিকা পর্যন্ত বিদ্যুৎ বন্ধ থাকবে।",https://objectstorage.ap-dcc-gazipur-1.oraclecloud15.com/n/axvjbnqprylg/b/V2Ministry/o/office-nesco/2026/9/16ba90bc-daf6-48b3-bc99-545faa49f6e2.pdf
