date,plant,reason,lost_mw,remark,restart
2026-10-05,Ghorasal Repowered CCPP Unit-3 (GT) Gas (PDB),repair,260,Under project work,
2026-10-05,Ghorasal Repowered CCPP Unit-4 Gas (PDB),gas,180,Gas Shortage,
2026-10-05,Ghorasal TPP Unit-5 Gas (PDB),gas,190,Gas Shortage,
2026-10-05,Ghorasal 365 MW CCPP Unit-7 Gas (PDB),gas,365,Gas Shortage,
2026-10-05,Ghorashal 108MW PP (Regent) Gas (IPP),gas,99,Gas Shortage,
2026-10-05,Tongi 80 MW GTPP Gas (PDB),gas,105,Gas Shortage,
2026-10-05,210 MW Siddhirgonj TPP Gas (PDB),repair,115,Under Overhauling,
2026-10-05,Siddhirgonj 2*120 MW GTPP Gas (EGCB),gas,210,Gas Shortage,
2026-10-05,Meghnaghat 583 MW CCPP(Summit) Gas (IPP),gas,173,Gas Shortage,
2026-10-05,Meghnaghat (Jera) 718MW CCPP Gas (IPP),gas,718,Gas Shortage,
2026-10-05,Chattogram TPP Gas (PDB),gas,360,Gas Shortage,
2026-10-05,Shikalbaha Peaking GT Gas (PDB),repair,150,Under maint.,
2026-10-05,Ashuganj 195MW PP (APSCL-United) Gas (IPP),gas,27,Gas Shortage,
2026-10-05,RPCL 210MW CCPP Gas (IPP),gas,210,Gas Shortage,
2026-10-05,Fenchugonj CCPP Phase-2 Gas (PDB),gas,51,Gas Shortage,
2026-10-05,Kushiara 163 MW CCPP (KP) Gas (IPP),repair,147,Under maint.,
2026-10-05,Shahjibazar GTPP Unit- 8 & 9 Gas (PDB),repair,35,Unit-9 Under maint.,
2026-10-05,Shajibazar 330 MW CCPP Gas (PDB),repair,191,Gt-2 Under maint.,
2026-10-05,Shahjibazar 100 MW GTPP Gas (PDB),repair,100,Under maint.,
2026-10-05,Bheramara 410 MW CCPP Gas (NWPGCL),gas,410,Gas Shortage,
2026-10-05,Payra 1320 MW TPP Coal (BCPCL),repair,786,Under maint,
2026-10-05,Patuakhali 1320 MW (RNPL) Coal RPCL,coal,444,Coal Shortage,
2026-10-05,Baghabari 71 MW GTPP Gas (PDB),gas,71,Gas Shortage,
2026-10-05,Baghabari 100 MW GTPP Gas (PDB),repair,100,Under maint.,
2026-10-05,Sirajgonj 225MW CCPP Unit-2 Gas (NWPGCL),gas,220,Gas Shortage,
2026-10-05,Sirajgonj 225MW CCPP Unit-3 Gas (NWPGCL),gas,220,Gas Shortage,
2026-10-05,Adani Power Jharkhanda Ltd (Import),repair,759,Under maint,
2026-10-05,Barapukuria TPP Unit-1 &2 Coal (PDB),repair,170,Under maint U-2,
2026-10-05,Barapukuria 275 MW TPP Unit-3 Coal (PDB),repair,126,ID Fan Problem,
