month_day,mean_temp_c,max_temp_c,mean_humidity_pct
01-01,18.38,24.44,77.86
01-02,17.98,24.2,78.07
01-03,17.97,24.4,78.02
01-04,18.31,24.92,79.27
01-05,18.55,25.22,79.38
01-06,18.92,25.52,78.51
01-07,19.23,25.48,76.14
01-08,19.25,25.54,77.98
01-09,18.84,25.28,77.86
01-10,19.04,25.38,76.19
01-11,19.27,25.12,74.17
01-12,18.51,24.5,75.9
01-13,18.55,24.34,76.06
01-14,18.59,24.16,74.83
01-15,18.23,24.2,71.41
01-16,17.58,23.68,72.68
01-17,17.49,23.62,73.87
01-18,17.58,23.64,76.8
01-19,17.89,23.76,74.77
01-20,17.68,23.26,78.69
01-21,17.91,23.96,74.67
01-22,17.77,23.5,74.72
01-23,17.93,23.98,76.72
01-24,18.87,24.08,74.63
01-25,19.03,24.9,76.1
01-26,18.81,24.78,74.84
01-27,18.21,24.22,72.68
01-28,17.71,24.06,69.57
01-29,17.72,24.2,70.99
01-30,18.44,24.28,74.01
01-31,18.86,24.7,75.62
02-01,19.23,24.68,79.15
02-02,19.08,25.38,75.65
02-03,19.24,25.68,73.9
02-04,19.1,25.62,72.98
02-05,19.63,25.64,71.19
02-06,19.82,25.9,70.27
02-07,19.38,24.78,66.64
02-08,19.22,25.4,67.6
02-09,19.37,25.54,69.0
02-10,19.56,25.46,68.08
02-11,20.42,26.84,70.93
02-12,21.0,27.28,69.24
02-13,20.61,27.56,61.23
02-14,20.34,26.88,59.48
02-15,20.78,27.16,62.26
02-16,21.17,27.86,62.53
02-17,21.39,28.12,64.2
02-18,22.03,28.18,64.66
02-19,22.21,28.62,65.11
02-20,22.41,28.56,71.34
02-21,23.14,29.22,68.9
02-22,23.13,29.24,68.14
02-23,22.85,28.58,68.17
02-24,23.3,29.62,69.12
02-25,23.16,29.28,64.64
02-26,23.17,29.78,61.43
02-27,23.62,30.06,61.49
02-28,24.12,30.2,63.62
02-29,22.93,29.9,60.08
03-01,24.36,30.88,62.57
03-02,24.76,31.34,58.77
03-03,24.84,31.58,56.51
03-04,24.61,30.84,55.38
03-05,25.2,31.4,58.84
03-06,24.57,31.16,54.78
03-07,24.59,31.46,53.38
03-08,24.7,31.7,55.75
03-09,25.12,31.96,56.89
03-10,25.59,32.04,54.12
03-11,25.47,32.3,58.33
03-12,26.15,33.12,55.91
03-13,26.54,33.68,59.66
03-14,26.12,32.58,65.81
03-15,26.39,33.32,65.84
03-16,26.59,33.54,64.29
03-17,26.81,33.58,59.13
03-18,26.99,33.32,57.08
03-19,26.63,32.18,60.15
03-20,25.84,31.2,65.45
03-21,25.2,30.3,68.5
03-22,25.02,30.46,70.18
03-23,26.49,32.96,63.19
03-24,27.2,33.66,63.11
03-25,27.14,33.7,63.84
03-26,27.45,33.72,62.06
03-27,27.55,33.54,64.6
03-28,27.86,34.44,65.22
03-29,27.74,33.8,70.67
03-30,27.94,34.32,75.38
03-31,28.22,33.76,74.92
04-01,28.52,34.14,70.58
04-02,28.41,34.06,69.94
04-03,28.89,34.78,67.73
04-04,29.21,35.44,64.36
04-05,29.17,35.1,63.52
04-06,28.96,35.52,64.53
04-07,29.17,35.24,63.01
04-08,29.06,34.5,63.48
04-09,29.1,34.74,62.69
04-10,28.81,35.16,65.22
04-11,28.65,35.1,66.28
04-12,29.44,35.4,61.79
04-13,29.84,36.3,58.88
04-14,30.19,36.8,59.93
04-15,30.5,36.62,62.44
04-16,29.88,36.24,65.34
04-17,28.97,35.22,71.68
04-18,28.32,34.6,76.38
04-19,29.38,35.0,73.08
04-20,28.99,34.56,74.04
04-21,28.63,34.54,76.17
04-22,28.28,33.6,77.9
04-23,28.97,34.5,71.6
04-24,29.66,35.36,66.78
04-25,30.2,36.16,66.53
04-26,30.77,36.46,64.42
04-27,30.71,36.38,66.64
04-28,29.82,34.74,70.75
04-29,29.92,35.9,69.28
04-30,29.43,35.38,68.45
05-01,29.15,34.64,68.96
05-02,28.43,33.32,72.16
05-03,28.04,32.9,74.07
05-04,27.8,32.48,75.25
05-05,27.57,32.66,75.77
05-06,27.61,32.54,77.31
05-07,28.97,33.82,70.17
05-08,29.25,34.0,69.73
05-09,29.56,34.26,69.25
05-10,29.25,34.2,71.36
05-11,29.32,34.44,72.08
05-12,29.0,33.7,74.25
05-13,29.11,33.52,75.5
05-14,29.09,33.34,72.72
05-15,30.0,34.86,70.01
05-16,30.46,35.12,72.47
05-17,30.5,35.92,72.37
05-18,29.29,33.72,78.56
05-19,28.81,32.18,83.03
05-20,28.74,32.86,82.0
05-21,28.87,33.36,80.3
05-22,29.29,33.38,78.4
05-23,29.29,33.5,77.82
05-24,29.55,33.62,76.17
05-25,29.41,33.98,78.08
05-26,28.45,32.72,79.11
05-27,27.67,30.64,84.62
05-28,28.46,32.2,80.97
05-29,28.86,32.22,81.58
05-30,29.23,33.0,79.75
05-31,29.23,33.12,80.52
06-01,28.95,32.58,83.14
06-02,29.42,33.34,81.11
06-03,29.28,33.1,82.38
06-04,29.5,33.34,80.95
06-05,29.59,33.56,80.27
06-06,29.54,33.74,80.53
06-07,29.59,33.52,81.62
06-08,29.61,33.9,81.56
06-09,29.37,33.38,82.69
06-10,29.45,33.32,81.82
06-11,29.4,33.18,79.49
06-12,29.54,33.4,79.83
06-13,30.0,33.96,78.76
06-14,29.67,33.24,81.51
06-15,29.45,32.84,82.87
06-16,28.74,32.94,84.2
06-17,28.47,31.4,84.54
06-18,27.64,29.9,88.26
06-19,27.68,30.32,86.83
06-20,27.61,30.6,86.86
06-21,28.16,31.48,85.14
06-22,28.64,32.06,83.59
06-23,28.65,31.58,82.85
06-24,28.82,31.92,82.09
06-25,28.77,31.58,81.7
06-26,28.58,31.4,83.29
06-27,28.42,31.12,84.29
06-28,28.25,31.16,85.0
06-29,28.06,30.76,86.5
06-30,27.92,30.84,87.59
07-01,27.66,30.32,88.89
07-02,28.02,31.26,87.22
07-03,28.2,31.04,86.03
07-04,28.42,31.38,84.95
07-05,28.38,31.64,85.33
07-06,28.42,31.38,83.98
07-07,28.34,31.46,84.94
07-08,28.17,30.98,85.03
07-09,28.35,31.48,84.25
07-10,28.54,31.5,84.14
07-11,28.86,32.06,82.22
07-12,29.1,32.82,81.74
07-13,29.15,32.7,81.55
07-14,28.79,32.4,81.82
07-15,28.94,32.22,81.82
07-16,29.24,32.62,80.73
07-17,29.06,32.02,82.42
07-18,29.4,33.36,81.28
07-19,29.49,32.94,80.88
07-20,28.99,32.12,82.53
07-21,29.42,32.76,81.17
07-22,29.47,33.06,80.05
07-23,29.36,32.66,80.7
07-24,28.64,31.62,84.16
07-25,28.95,32.34,81.83
07-26,28.62,31.94,83.97
07-27,28.99,32.68,82.56
07-28,28.8,32.56,82.26
07-29,28.61,31.72,84.0
07-30,28.87,32.24,83.47
07-31,28.59,32.28,84.84
08-01,28.18,31.44,86.78
08-02,27.69,30.62,88.62
08-03,27.92,31.38,86.99
08-04,28.11,31.42,86.08
08-05,28.66,32.82,84.2
08-06,28.28,31.3,85.98
08-07,27.85,30.74,86.73
08-08,27.6,30.54,86.59
08-09,28.06,31.34,84.78
08-10,28.48,31.84,83.62
08-11,28.59,31.82,83.16
08-12,28.71,32.06,83.97
08-13,28.12,31.34,86.41
08-14,28.2,31.08,85.4
08-15,28.79,32.36,83.56
08-16,28.72,31.88,84.03
08-17,28.69,31.86,83.92
08-18,28.76,32.32,82.06
08-19,27.85,30.82,84.44
08-20,27.91,30.86,84.48
08-21,28.2,31.44,83.9
08-22,28.12,31.44,85.49
08-23,27.72,30.76,86.58
08-24,28.01,31.14,84.92
08-25,27.89,31.14,85.42
08-26,28.32,31.72,84.17
08-27,28.41,32.32,83.83
08-28,28.34,31.8,83.44
08-29,28.7,32.38,81.72
08-30,29.26,32.74,79.34
08-31,29.48,33.14,79.82
09-01,29.6,33.38,81.25
09-02,29.26,32.82,81.33
09-03,29.15,32.78,81.58
09-04,28.88,32.38,82.58
09-05,29.26,33.28,81.91
09-06,29.63,33.42,78.95
09-07,29.1,32.8,80.81
09-08,29.07,32.92,81.99
09-09,29.66,33.48,79.28
09-10,29.36,33.02,80.95
09-11,28.59,31.7,84.61
09-12,28.16,31.58,85.9
09-13,27.95,31.38,84.25
09-14,26.58,28.16,90.13
09-15,27.22,30.28,87.42
09-16,27.71,31.48,86.56
09-17,28.5,32.22,85.22
09-18,28.16,31.36,86.17
09-19,28.11,31.36,86.07
09-20,28.26,31.16,85.03
09-21,28.48,31.92,84.38
09-22,28.16,31.56,85.21
09-23,28.68,32.36,83.45
09-24,28.65,32.5,82.31
09-25,27.98,31.64,85.67
09-26,28.37,32.14,85.28
09-27,28.59,32.46,82.77
09-28,28.74,32.68,82.94
09-29,28.94,32.84,82.7
09-30,28.95,32.58,82.12
10-01,28.35,32.16,84.81
10-02,27.66,31.12,85.72
10-03,26.83,29.48,89.79
10-04,27.01,30.54,88.62
10-05,26.86,30.36,88.95
10-06,27.26,31.24,87.67
10-07,27.46,31.0,86.6
10-08,27.94,31.66,85.25
10-09,27.67,31.02,86.88
10-10,27.67,31.38,85.92
10-11,27.94,32.0,83.58
10-12,27.68,31.48,84.39
10-13,27.71,31.94,80.5
10-14,27.93,32.18,78.69
10-15,28.13,32.52,77.67
10-16,28.01,32.1,76.09
10-17,27.8,32.06,77.56
10-18,26.99,31.08,81.49
10-19,27.05,30.96,79.2
10-20,26.91,31.48,76.12
10-21,26.97,31.98,74.37
10-22,27.46,32.52,74.09
10-23,26.96,30.86,78.21
10-24,26.02,29.08,80.58
10-25,26.5,30.86,76.31
10-26,26.68,30.92,76.4
10-27,26.93,31.48,74.04
10-28,26.44,31.22,73.12
10-29,26.58,31.56,74.0
10-30,26.65,31.56,74.26
10-31,27.02,31.62,73.31
11-01,26.84,31.68,72.93
11-02,26.12,30.74,72.92
11-03,25.55,30.32,73.34
11-04,25.33,30.58,71.47
11-05,25.28,30.4,73.32
11-06,24.92,30.14,72.46
11-07,24.81,30.26,71.31
11-08,24.77,30.3,68.05
11-09,24.34,30.28,68.6
11-10,24.38,30.16,67.73
11-11,24.32,30.18,66.48
11-12,24.38,30.08,67.54
11-13,23.83,28.78,71.13
11-14,23.8,29.06,70.25
11-15,23.85,28.78,70.03
11-16,23.73,28.78,71.26
11-17,22.86,27.88,70.73
11-18,22.98,28.78,69.65
11-19,23.15,29.1,70.89
11-20,23.53,29.14,67.41
11-21,23.36,28.82,67.02
11-22,22.98,28.4,68.7
11-23,22.85,28.54,70.07
11-24,22.79,28.36,67.3
11-25,22.44,28.4,69.01
11-26,22.36,28.32,67.89
11-27,22.31,28.52,69.58
11-28,22.78,28.9,65.97
11-29,23.24,28.98,65.83
11-30,23.28,29.0,66.94
12-01,22.88,28.84,67.92
12-02,22.68,28.36,66.74
12-03,22.15,28.22,67.0
12-04,21.95,27.28,71.15
12-05,21.8,26.2,72.84
12-06,21.24,25.46,73.75
12-07,20.97,25.42,74.22
12-08,21.07,26.56,73.03
12-09,21.0,26.64,73.35
12-10,21.03,26.52,71.28
12-11,20.35,26.28,70.84
12-12,20.08,25.92,71.03
12-13,19.98,25.92,70.9
12-14,19.76,25.78,71.45
12-15,19.46,25.58,71.54
12-16,19.5,25.66,71.82
12-17,19.91,26.22,70.06
12-18,19.82,26.14,73.38
12-19,19.75,25.52,71.62
12-20,19.58,25.18,71.44
12-21,19.49,24.64,74.38
12-22,19.94,25.7,74.73
12-23,19.59,25.44,72.57
12-24,19.46,25.04,71.68
12-25,19.79,25.36,70.14
12-26,19.98,25.9,71.34
12-27,19.81,25.26,73.7
12-28,19.39,25.36,74.91
12-29,18.77,24.64,73.38
12-30,18.64,24.14,75.01
12-31,18.46,23.92,75.03
