timestamp,temp_c,humidity_pct
2026-09-29T15:00,34.6,50
2026-09-29T16:00,34.0,53
2026-09-29T17:00,33.2,56
2026-09-29T18:00,32.4,58
2026-09-29T19:00,31.8,62
2026-09-29T20:00,31.2,67
2026-09-29T21:00,30.5,70
2026-09-29T22:00,30.0,73
2026-09-29T23:00,29.4,75
2026-09-30T00:00,29.1,77
2026-09-30T01:00,28.8,78
2026-09-30T02:00,28.5,79
2026-09-30T03:00,28.0,82
2026-09-30T04:00,27.4,84
2026-09-30T05:00,27.0,86
2026-09-30T06:00,26.8,87
2026-09-30T07:00,27.8,83
2026-09-30T08:00,29.9,71
2026-09-30T09:00,31.9,60
2026-09-30T10:00,33.3,53
2026-09-30T11:00,34.3,49
2026-09-30T12:00,34.4,50
2026-09-30T13:00,34.6,49
2026-09-30T14:00,34.5,50
2026-09-30T15:00,34.1,51
2026-09-30T16:00,33.6,53
2026-09-30T17:00,32.8,56
2026-09-30T18:00,32.2,59
2026-09-30T19:00,31.9,60
2026-09-30T20:00,31.1,65
2026-09-30T21:00,30.5,69
2026-09-30T22:00,30.1,70
2026-09-30T23:00,29.5,73
2026-10-01T00:00,29.0,77
2026-10-01T01:00,28.6,80
2026-10-01T02:00,28.2,82
2026-10-01T03:00,27.7,85
2026-10-01T04:00,27.4,86
2026-10-01T05:00,27.2,88
2026-10-01T06:00,27.0,89
2026-10-01T07:00,27.9,84
2026-10-01T08:00,29.3,75
2026-10-01T09:00,30.8,65
2026-10-01T10:00,32.1,58
2026-10-01T11:00,33.5,51
2026-10-01T12:00,34.4,46
2026-10-01T13:00,34.7,45
2026-10-01T14:00,34.5,45
2026-10-01T15:00,34.1,47
2026-10-01T16:00,33.2,51
2026-10-01T17:00,32.3,56
2026-10-01T18:00,31.7,59
2026-10-01T19:00,31.6,60
2026-10-01T20:00,31.0,63
2026-10-01T21:00,30.4,69
2026-10-01T22:00,30.0,71
2026-10-01T23:00,29.6,74
2026-10-02T00:00,28.8,77
2026-10-02T01:00,28.1,79
2026-10-02T02:00,27.0,80
2026-10-02T03:00,25.9,82
2026-10-02T04:00,26.8,78
2026-10-02T05:00,26.8,81
2026-10-02T06:00,26.2,85
2026-10-02T07:00,26.8,84
2026-10-02T08:00,28.5,78
2026-10-02T09:00,30.2,72
2026-10-02T10:00,31.4,67
2026-10-02T11:00,32.6,60
2026-10-02T12:00,32.8,60
2026-10-02T13:00,32.9,60
2026-10-02T14:00,32.9,59
2026-10-02T15:00,32.7,59
2026-10-02T16:00,32.2,60
2026-10-02T17:00,31.5,63
2026-10-02T18:00,30.6,68
2026-10-02T19:00,29.8,73
2026-10-02T20:00,29.1,80
2026-10-02T21:00,28.4,85
2026-10-02T22:00,27.9,89
2026-10-02T23:00,27.4,91
2026-10-03T00:00,27.0,93
2026-10-03T01:00,26.6,93
2026-10-03T02:00,26.3,93
2026-10-03T03:00,26.0,93
2026-10-03T04:00,25.6,95
2026-10-03T05:00,25.1,97
2026-10-03T06:00,25.4,95
2026-10-03T07:00,26.8,86
2026-10-03T08:00,28.8,75
2026-10-03T09:00,30.6,66
2026-10-03T10:00,31.9,58
2026-10-03T11:00,32.9,51
2026-10-03T12:00,33.6,46
2026-10-03T13:00,33.9,45
2026-10-03T14:00,33.9,44
2026-10-03T15:00,33.6,45
2026-10-03T16:00,33.0,47
2026-10-03T17:00,32.1,51
2026-10-03T18:00,31.2,55
2026-10-03T19:00,30.6,59
2026-10-03T20:00,30.1,63
2026-10-03T21:00,29.7,67
2026-10-03T22:00,29.2,69
2026-10-03T23:00,28.8,70
2026-10-04T00:00,28.4,72
2026-10-04T01:00,27.7,77
2026-10-04T02:00,27.0,84
2026-10-04T03:00,26.5,89
2026-10-04T04:00,25.9,92
2026-10-04T05:00,25.5,93
2026-10-04T06:00,25.7,90
2026-10-04T07:00,27.0,80
2026-10-04T08:00,29.0,69
2026-10-04T09:00,30.8,60
2026-10-04T10:00,31.9,54
2026-10-04T11:00,32.7,50
2026-10-04T12:00,33.3,48
2026-10-04T13:00,33.7,45
2026-10-04T14:00,33.9,44
2026-10-04T15:00,33.8,44
2026-10-04T16:00,33.1,46
2026-10-04T17:00,32.1,50
2026-10-04T18:00,31.2,54
2026-10-04T19:00,30.7,56
2026-10-04T20:00,30.3,58
2026-10-04T21:00,30.0,60
2026-10-04T22:00,29.6,63
2026-10-04T23:00,29.1,65
2026-10-05T00:00,28.7,68
2026-10-05T01:00,28.1,71
2026-10-05T02:00,27.5,75
2026-10-05T03:00,27.0,79
2026-10-05T04:00,26.2,85
2026-10-05T05:00,26.0,86
2026-10-05T06:00,26.2,85
2026-10-05T07:00,27.0,79
2026-10-05T08:00,28.4,69
2026-10-05T09:00,30.1,59
2026-10-05T10:00,31.8,50
2026-10-05T11:00,33.3,44
2026-10-05T12:00,34.1,41
2026-10-05T13:00,34.2,41
2026-10-05T14:00,33.9,42
2026-10-05T15:00,33.4,45
2026-10-05T16:00,32.6,49
2026-10-05T17:00,31.9,52
2026-10-05T18:00,31.3,56
2026-10-05T19:00,30.8,59
2026-10-05T20:00,30.3,62
2026-10-05T21:00,29.8,65
2026-10-05T22:00,29.3,68
2026-10-05T23:00,28.8,72
2026-10-06T00:00,28.4,74
2026-10-06T01:00,27.9,77
2026-10-06T02:00,27.3,79
2026-10-06T03:00,26.8,81
2026-10-06T04:00,26.4,83
2026-10-06T05:00,26.3,82
2026-10-06T06:00,26.6,80
2026-10-06T07:00,27.5,74
2026-10-06T08:00,28.9,66
2026-10-06T09:00,30.6,58
2026-10-06T10:00,32.3,51
2026-10-06T11:00,33.7,46
2026-10-06T12:00,34.5,43
2026-10-06T13:00,34.6,43
2026-10-06T14:00,34.3,44
2026-10-06T15:00,33.7,46
2026-10-06T16:00,33.0,49
2026-10-06T17:00,32.2,53
2026-10-06T18:00,31.6,55
2026-10-06T19:00,31.2,58
2026-10-06T20:00,30.7,60
2026-10-06T21:00,30.2,62
2026-10-06T22:00,29.8,65
2026-10-06T23:00,29.3,67
2026-10-07T00:00,28.9,69
2026-10-07T01:00,28.4,72
2026-10-07T02:00,27.7,76
2026-10-07T03:00,27.1,80
2026-10-07T04:00,26.6,83
2026-10-07T05:00,26.4,84
2026-10-07T06:00,26.6,83
2026-10-07T07:00,27.4,77
2026-10-07T08:00,28.7,70
2026-10-07T09:00,30.3,61
2026-10-07T10:00,31.9,54
2026-10-07T11:00,33.2,49
2026-10-07T12:00,33.9,46
2026-10-07T13:00,34.1,45
2026-10-07T14:00,33.8,46
2026-10-07T15:00,33.2,48
2026-10-07T16:00,32.6,51
2026-10-07T17:00,31.9,53
2026-10-07T18:00,31.3,56
2026-10-07T19:00,30.8,59
2026-10-07T20:00,30.3,62
2026-10-07T21:00,29.8,65
2026-10-07T22:00,29.2,69
2026-10-07T23:00,28.7,72
2026-10-08T00:00,28.3,75
2026-10-08T01:00,27.7,78
2026-10-08T02:00,27.0,82
2026-10-08T03:00,26.4,86
2026-10-08T04:00,25.9,88
2026-10-08T05:00,25.7,89
2026-10-08T06:00,25.9,87
2026-10-08T07:00,26.8,82
2026-10-08T08:00,28.3,73
2026-10-08T09:00,30.0,64
2026-10-08T10:00,31.8,56
2026-10-08T11:00,33.2,51
2026-10-08T12:00,34.0,48
2026-10-08T13:00,34.0,48
2026-10-08T14:00,33.4,50
2026-10-08T15:00,32.6,54
2026-10-08T16:00,31.6,58
2026-10-08T17:00,30.6,63
2026-10-08T18:00,29.8,67
2026-10-08T19:00,29.3,70
2026-10-08T20:00,28.8,73
2026-10-08T21:00,28.4,77
2026-10-08T22:00,27.9,80
2026-10-08T23:00,27.6,83
2026-10-09T00:00,27.2,86
2026-10-09T01:00,26.7,89
2026-10-09T02:00,26.2,91
2026-10-09T03:00,25.6,94
2026-10-09T04:00,25.2,95
2026-10-09T05:00,25.1,95
2026-10-09T06:00,25.3,93
2026-10-09T07:00,26.1,88
2026-10-09T08:00,27.5,80
2026-10-09T09:00,29.2,71
2026-10-09T10:00,30.7,65
2026-10-09T11:00,31.9,60
2026-10-09T12:00,32.5,57
2026-10-09T13:00,32.2,58
2026-10-09T14:00,31.3,61
2026-10-09T15:00,30.1,65
2026-10-09T16:00,28.7,71
2026-10-09T17:00,27.5,76
2026-10-09T18:00,26.6,81
2026-10-09T19:00,26.1,84
2026-10-09T20:00,25.7,86
2026-10-09T21:00,25.5,87
2026-10-09T22:00,25.3,89
2026-10-09T23:00,25.1,90
2026-10-10T00:00,24.9,91
2026-10-10T01:00,24.6,92
2026-10-10T02:00,24.2,94
2026-10-10T03:00,23.7,96
2026-10-10T04:00,23.4,97
2026-10-10T05:00,23.4,97
2026-10-10T06:00,23.6,95
2026-10-10T07:00,24.4,90
2026-10-10T08:00,25.6,84
2026-10-10T09:00,27.1,77
2026-10-10T10:00,28.6,71
2026-10-10T11:00,29.8,66
2026-10-10T12:00,30.5,64
2026-10-10T13:00,30.6,63
2026-10-10T14:00,30.4,64
2026-10-10T15:00,30.0,66
2026-10-10T16:00,29.4,68
2026-10-10T17:00,28.8,71
2026-10-10T18:00,28.2,73
2026-10-10T19:00,27.7,76
2026-10-10T20:00,27.2,79
2026-10-10T21:00,26.6,82
2026-10-10T22:00,26.0,86
2026-10-10T23:00,25.5,89
2026-10-11T00:00,25.1,92
2026-10-11T01:00,24.7,94
2026-10-11T02:00,24.3,97
2026-10-11T03:00,23.9,99
2026-10-11T04:00,23.7,100
2026-10-11T05:00,23.7,100
2026-10-11T06:00,24.0,98
2026-10-11T07:00,24.8,92
2026-10-11T08:00,26.1,84
2026-10-11T09:00,27.6,75
2026-10-11T10:00,29.1,67
2026-10-11T11:00,30.3,62
2026-10-11T12:00,31.0,59
2026-10-11T13:00,31.0,59
2026-10-11T14:00,30.6,61
2026-10-11T15:00,29.9,64
2026-10-11T16:00,29.1,68
2026-10-11T17:00,28.3,72
2026-10-11T18:00,27.8,75
2026-10-11T19:00,27.4,77
2026-10-11T20:00,27.1,80
2026-10-11T21:00,26.8,82
2026-10-11T22:00,26.6,83
2026-10-11T23:00,26.3,85
2026-10-12T00:00,26.0,87
2026-10-12T01:00,25.6,90
2026-10-12T02:00,25.0,93
2026-10-12T03:00,24.4,97
2026-10-12T04:00,23.9,100
2026-10-12T05:00,23.7,100
2026-10-12T06:00,23.9,99
2026-10-12T07:00,24.7,92
2026-10-12T08:00,26.1,83
2026-10-12T09:00,27.7,74
2026-10-12T10:00,29.3,65
2026-10-12T11:00,30.7,59
2026-10-12T12:00,31.5,56
2026-10-12T13:00,31.7,55
2026-10-12T14:00,31.6,56
2026-10-12T15:00,31.2,58
2026-10-12T16:00,30.6,61
2026-10-12T17:00,30.1,63
2026-10-12T18:00,29.6,66
2026-10-12T19:00,29.1,69
2026-10-12T20:00,28.7,72
2026-10-12T21:00,28.1,75
2026-10-12T22:00,27.6,79
2026-10-12T23:00,27.2,82
2026-10-13T00:00,26.7,85
2026-10-13T01:00,26.2,88
2026-10-13T02:00,25.7,91
2026-10-13T03:00,25.1,94
2026-10-13T04:00,24.7,96
2026-10-13T05:00,24.6,96
2026-10-13T06:00,24.9,93
2026-10-13T07:00,25.7,86
2026-10-13T08:00,27.2,76
2026-10-13T09:00,28.8,67
2026-10-13T10:00,30.5,58
2026-10-13T11:00,31.9,52
2026-10-13T12:00,32.7,49
2026-10-13T13:00,32.9,48
2026-10-13T14:00,32.7,49
2026-10-13T15:00,32.2,51
2026-10-13T16:00,31.5,54
2026-10-13T17:00,30.8,57
2026-10-13T18:00,30.2,60
2026-10-13T19:00,29.7,63
2026-10-13T20:00,29.0,66
2026-10-13T21:00,28.3,69
2026-10-13T22:00,27.6,73
2026-10-13T23:00,27.0,76
2026-10-14T00:00,26.4,79
2026-10-14T01:00,25.9,82
2026-10-14T02:00,25.4,85
2026-10-14T03:00,25.0,88
2026-10-14T04:00,25.3,84
2026-10-14T05:00,25.7,79
2026-10-14T06:00,26.5,73
2026-10-14T07:00,27.9,65
2026-10-14T08:00,28.7,62
2026-10-14T09:00,29.7,59
2026-10-14T10:00,31.1,54
2026-10-14T11:00,32.7,48
2026-10-14T12:00,33.7,44
2026-10-14T13:00,33.7,43
2026-10-14T14:00,33.1,44
2026-10-14T15:00,32.5,46
2026-10-14T16:00,31.9,48
2026-10-14T17:00,31.3,51
2026-10-14T18:00,30.7,53
2026-10-14T19:00,30.1,55
2026-10-14T20:00,29.5,57
2026-10-14T21:00,29.1,58
2026-10-14T22:00,28.7,59
2026-10-14T23:00,28.5,60
