date,zone,demand_mw,loadshed_mw
2025-09-19,Barisal,488,0
2025-09-19,Chittagong,1366,0
2025-09-19,Comilla,1445,0
2025-09-19,Dhaka,4799,0
2025-09-19,Khulna,1699,0
2025-09-19,Mymensingh,1112,57
2025-09-19,Rajshahi,1389,0
2025-09-19,Rangpur,859,0
2025-09-19,Sylhet,678,0
2025-09-20,Barisal,425,0
2025-09-20,Chittagong,1496,0
2025-09-20,Comilla,1493,0
2025-09-20,Dhaka,5506,0
2025-09-20,Khulna,1794,0
2025-09-20,Mymensingh,1216,133
2025-09-20,Rajshahi,1500,0
2025-09-20,Rangpur,950,0
2025-09-20,Sylhet,690,0
2025-09-21,Barisal,478,0
2025-09-21,Chittagong,1464,0
2025-09-21,Comilla,1421,0
2025-09-21,Dhaka,5580,0
2025-09-21,Khulna,1935,0
2025-09-21,Mymensingh,1237,141
2025-09-21,Rajshahi,1590,0
2025-09-21,Rangpur,1071,0
2025-09-21,Sylhet,722,0
2025-09-22,Barisal,423,0
2025-09-22,Chittagong,1384,0
2025-09-22,Comilla,1329,0
2025-09-22,Dhaka,5192,0
2025-09-22,Khulna,1682,0
2025-09-22,Mymensingh,1188,144
2025-09-22,Rajshahi,1474,0
2025-09-22,Rangpur,1035,0
2025-09-22,Sylhet,669,0
2025-09-23,Barisal,480,0
2025-09-23,Chittagong,1576,0
2025-09-23,Comilla,1516,0
2025-09-23,Dhaka,5343,50
2025-09-23,Khulna,1834,0
2025-09-23,Mymensingh,1266,215
2025-09-23,Rajshahi,1593,0
2025-09-23,Rangpur,1066,0
2025-09-23,Sylhet,714,0
2025-09-24,Barisal,501,0
2025-09-24,Chittagong,1568,0
2025-09-24,Comilla,1520,20
2025-09-24,Dhaka,5470,100
2025-09-24,Khulna,1896,0
2025-09-24,Mymensingh,1163,150
2025-09-24,Rajshahi,1659,0
2025-09-24,Rangpur,1069,39
2025-09-24,Sylhet,663,50
2025-09-26,Barisal,484,0
2025-09-26,Chittagong,1531,0
2025-09-26,Comilla,1512,0
2025-09-26,Dhaka,4832,0
2025-09-26,Khulna,1794,0
2025-09-26,Mymensingh,1255,102
2025-09-26,Rajshahi,1528,0
2025-09-26,Rangpur,1031,0
2025-09-26,Sylhet,703,0
2025-09-28,Barisal,502,0
2025-09-28,Chittagong,1478,0
2025-09-28,Comilla,1486,115
2025-09-28,Dhaka,5329,75
2025-09-28,Khulna,1904,45
2025-09-28,Mymensingh,1216,120
2025-09-28,Rajshahi,1558,140
2025-09-28,Rangpur,1067,105
2025-09-28,Sylhet,679,50
2025-09-30,Barisal,508,0
2025-09-30,Chittagong,1583,0
2025-09-30,Comilla,1580,0
2025-09-30,Dhaka,5397,0
2025-09-30,Khulna,1822,0
2025-09-30,Mymensingh,1196,88
2025-09-30,Rajshahi,1600,0
2025-09-30,Rangpur,993,0
2025-09-30,Sylhet,495,0
2025-10-01,Barisal,395,0
2025-10-01,Chittagong,1368,0
2025-10-01,Comilla,1320,0
2025-10-01,Dhaka,5025,0
2025-10-01,Khulna,1655,0
2025-10-01,Mymensingh,1160,0
2025-10-01,Rajshahi,1320,0
2025-10-01,Rangpur,799,0
2025-10-01,Sylhet,605,0
2025-10-02,Barisal,377,0
2025-10-02,Chittagong,1168,0
2025-10-02,Comilla,1135,0
2025-10-02,Dhaka,4597,0
2025-10-02,Khulna,1509,0
2025-10-02,Mymensingh,1066,0
2025-10-02,Rajshahi,1247,0
2025-10-02,Rangpur,740,0
2025-10-02,Sylhet,482,0
2025-10-03,Barisal,450,0
2025-10-03,Chittagong,1328,0
2025-10-03,Comilla,1336,0
2025-10-03,Dhaka,4225,0
2025-10-03,Khulna,1539,0
2025-10-03,Mymensingh,962,0
2025-10-03,Rajshahi,1269,0
2025-10-03,Rangpur,795,0
2025-10-03,Sylhet,603,0
2025-10-05,Barisal,446,0
2025-10-05,Chittagong,1409,0
2025-10-05,Comilla,1341,0
2025-10-05,Dhaka,5263,0
2025-10-05,Khulna,1404,0
2025-10-05,Mymensingh,735,0
2025-10-05,Rajshahi,1055,0
2025-10-05,Rangpur,706,0
2025-10-05,Sylhet,593,0
2025-10-06,Barisal,434,0
2025-10-06,Chittagong,1348,0
2025-10-06,Comilla,1373,0
2025-10-06,Dhaka,5213,0
2025-10-06,Khulna,1586,0
2025-10-06,Mymensingh,1141,0
2025-10-06,Rajshahi,1354,0
2025-10-06,Rangpur,869,0
2025-10-06,Sylhet,542,0
2025-10-07,Barisal,372,0
2025-10-07,Chittagong,1429,0
2025-10-07,Comilla,1393,0
2025-10-07,Dhaka,5129,0
2025-10-07,Khulna,1649,0
2025-10-07,Mymensingh,1093,41
2025-10-07,Rajshahi,1421,0
2025-10-07,Rangpur,971,0
2025-10-07,Sylhet,586,0
2025-10-08,Barisal,408,0
2025-10-08,Chittagong,1411,0
2025-10-08,Comilla,1371,0
2025-10-08,Dhaka,5310,0
2025-10-08,Khulna,1712,0
2025-10-08,Mymensingh,1118,64
2025-10-08,Rajshahi,1388,0
2025-10-08,Rangpur,927,0
2025-10-08,Sylhet,608,0
2025-10-09,Barisal,423,0
2025-10-09,Chittagong,1425,0
2025-10-09,Comilla,1387,0
2025-10-09,Dhaka,5267,0
2025-10-09,Khulna,1645,0
2025-10-09,Mymensingh,1148,62
2025-10-09,Rajshahi,1406,0
2025-10-09,Rangpur,911,0
2025-10-09,Sylhet,625,0
2025-10-10,Barisal,412,0
2025-10-10,Chittagong,1322,0
2025-10-10,Comilla,1299,0
2025-10-10,Dhaka,4258,0
2025-10-10,Khulna,1420,0
2025-10-10,Mymensingh,1079,25
2025-10-10,Rajshahi,1261,0
2025-10-10,Rangpur,890,0
2025-10-10,Sylhet,619,0
2025-10-11,Barisal,394,0
2025-10-11,Chittagong,1477,0
2025-10-11,Comilla,1269,0
2025-10-11,Dhaka,4887,17
2025-10-11,Khulna,1659,0
2025-10-11,Mymensingh,1054,30
2025-10-11,Rajshahi,1386,0
2025-10-11,Rangpur,955,0
2025-10-11,Sylhet,544,0
2025-10-12,Barisal,405,15
2025-10-12,Chittagong,1460,0
2025-10-12,Comilla,1322,55
2025-10-12,Dhaka,5107,10
2025-10-12,Khulna,1598,105
2025-10-12,Mymensingh,1064,60
2025-10-12,Rajshahi,1348,43
2025-10-12,Rangpur,890,40
2025-10-12,Sylhet,592,0
2025-10-13,Barisal,446,0
2025-10-13,Chittagong,1497,0
2025-10-13,Comilla,1329,35
2025-10-13,Dhaka,5208,6
2025-10-13,Khulna,1612,66
2025-10-13,Mymensingh,1058,67
2025-10-13,Rajshahi,1311,65
2025-10-13,Rangpur,790,47
2025-10-13,Sylhet,646,0
2025-10-14,Barisal,452,0
2025-10-14,Chittagong,1505,15
2025-10-14,Comilla,1396,40
2025-10-14,Dhaka,5228,65
2025-10-14,Khulna,1487,45
2025-10-14,Mymensingh,1032,55
2025-10-14,Rajshahi,1248,55
2025-10-14,Rangpur,787,38
2025-10-14,Sylhet,597,20
2025-10-15,Barisal,413,25
2025-10-15,Chittagong,1429,22
2025-10-15,Comilla,1423,52
2025-10-15,Dhaka,4986,78
2025-10-15,Khulna,1599,55
2025-10-15,Mymensingh,1096,58
2025-10-15,Rajshahi,1262,68
2025-10-15,Rangpur,810,52
2025-10-15,Sylhet,588,40
2025-10-16,Barisal,431,10
2025-10-16,Chittagong,1531,0
2025-10-16,Comilla,1393,60
2025-10-16,Dhaka,5261,70
2025-10-16,Khulna,1606,70
2025-10-16,Mymensingh,1067,100
2025-10-16,Rajshahi,1350,25
2025-10-16,Rangpur,912,10
2025-10-16,Sylhet,593,20
2025-10-17,Barisal,433,0
2025-10-17,Chittagong,1416,0
2025-10-17,Comilla,1353,0
2025-10-17,Dhaka,4563,0
2025-10-17,Khulna,1628,0
2025-10-17,Mymensingh,1210,58
2025-10-17,Rajshahi,1348,0
2025-10-17,Rangpur,930,0
2025-10-17,Sylhet,645,0
2025-10-18,Barisal,490,0
2025-10-18,Chittagong,1435,0
2025-10-18,Comilla,1504,0
2025-10-18,Dhaka,5295,15
2025-10-18,Khulna,1782,15
2025-10-18,Mymensingh,1130,40
2025-10-18,Rajshahi,1450,0
2025-10-18,Rangpur,929,31
2025-10-18,Sylhet,659,0
2025-10-19,Barisal,441,20
2025-10-19,Chittagong,1374,30
2025-10-19,Comilla,1378,50
2025-10-19,Dhaka,5287,120
2025-10-19,Khulna,1641,65
2025-10-19,Mymensingh,1111,85
2025-10-19,Rajshahi,1429,85
2025-10-19,Rangpur,875,75
2025-10-19,Sylhet,718,40
2025-10-20,Barisal,450,0
2025-10-20,Chittagong,1482,0
2025-10-20,Comilla,1405,39
2025-10-20,Dhaka,5343,51
2025-10-20,Khulna,1778,0
2025-10-20,Mymensingh,1062,47
2025-10-20,Rajshahi,1348,39
2025-10-20,Rangpur,836,42
2025-10-20,Sylhet,604,24
2025-10-21,Barisal,469,0
2025-10-21,Chittagong,1512,0
2025-10-21,Comilla,1530,0
2025-10-21,Dhaka,5525,20
2025-10-21,Khulna,1757,0
2025-10-21,Mymensingh,1137,99
2025-10-21,Rajshahi,1463,0
2025-10-21,Rangpur,926,10
2025-10-21,Sylhet,685,0
2025-10-22,Barisal,450,0
2025-10-22,Chittagong,1562,0
2025-10-22,Comilla,1575,0
2025-10-22,Dhaka,5615,30
2025-10-22,Khulna,1698,0
2025-10-22,Mymensingh,1179,127
2025-10-22,Rajshahi,1460,0
2025-10-22,Rangpur,927,0
2025-10-22,Sylhet,668,0
2025-10-23,Barisal,474,0
2025-10-23,Chittagong,1543,0
2025-10-23,Comilla,1513,0
2025-10-23,Dhaka,5375,0
2025-10-23,Khulna,1738,0
2025-10-23,Mymensingh,1157,85
2025-10-23,Rajshahi,1412,0
2025-10-23,Rangpur,933,0
2025-10-23,Sylhet,657,0
2025-10-24,Barisal,460,0
2025-10-24,Chittagong,1404,0
2025-10-24,Comilla,1426,0
2025-10-24,Dhaka,4581,0
2025-10-24,Khulna,1594,0
2025-10-24,Mymensingh,1052,0
2025-10-24,Rajshahi,1314,0
2025-10-24,Rangpur,804,0
2025-10-24,Sylhet,626,0
2025-10-25,Barisal,454,0
2025-10-25,Chittagong,1595,0
2025-10-25,Comilla,1454,0
2025-10-25,Dhaka,5349,9
2025-10-25,Khulna,1682,33
2025-10-25,Mymensingh,1137,49
2025-10-25,Rajshahi,1405,0
2025-10-25,Rangpur,922,0
2025-10-25,Sylhet,635,0
2025-10-26,Barisal,470,0
2025-10-26,Chittagong,1630,0
2025-10-26,Comilla,1476,0
2025-10-26,Dhaka,5471,12
2025-10-26,Khulna,1756,0
2025-10-26,Mymensingh,1153,80
2025-10-26,Rajshahi,1450,0
2025-10-26,Rangpur,903,0
2025-10-26,Sylhet,637,0
2025-10-27,Barisal,474,0
2025-10-27,Chittagong,1571,0
2025-10-27,Comilla,1477,0
2025-10-27,Dhaka,5577,12
2025-10-27,Khulna,1789,0
2025-10-27,Mymensingh,1168,70
2025-10-27,Rajshahi,1396,0
2025-10-27,Rangpur,881,0
2025-10-27,Sylhet,645,0
2025-10-28,Barisal,458,0
2025-10-28,Chittagong,1541,10
2025-10-28,Comilla,1436,0
2025-10-28,Dhaka,5429,0
2025-10-28,Khulna,1721,0
2025-10-28,Mymensingh,1168,100
2025-10-28,Rajshahi,1445,0
2025-10-28,Rangpur,825,0
2025-10-28,Sylhet,653,0
2025-10-29,Barisal,456,0
2025-10-29,Chittagong,1569,15
2025-10-29,Comilla,1419,15
2025-10-29,Dhaka,5478,0
2025-10-29,Khulna,1565,0
2025-10-29,Mymensingh,988,21
2025-10-29,Rajshahi,1224,0
2025-10-29,Rangpur,829,0
2025-10-29,Sylhet,643,0
2025-10-30,Barisal,430,0
2025-10-30,Chittagong,1664,0
2025-10-30,Comilla,1435,0
2025-10-30,Dhaka,5456,5
2025-10-30,Khulna,1637,0
2025-10-30,Mymensingh,1048,27
2025-10-30,Rajshahi,1126,0
2025-10-30,Rangpur,755,0
2025-10-30,Sylhet,675,0
2025-10-31,Barisal,438,0
2025-10-31,Chittagong,1441,0
2025-10-31,Comilla,1368,0
2025-10-31,Dhaka,4672,0
2025-10-31,Khulna,1580,0
2025-10-31,Mymensingh,1092,0
2025-10-31,Rajshahi,1162,0
2025-10-31,Rangpur,551,0
2025-10-31,Sylhet,633,0
2025-11-01,Barisal,453,0
2025-11-01,Chittagong,1595,0
2025-11-01,Comilla,1380,0
2025-11-01,Dhaka,4699,0
2025-11-01,Khulna,1531,0
2025-11-01,Mymensingh,894,0
2025-11-01,Rajshahi,1061,0
2025-11-01,Rangpur,674,0
2025-11-01,Sylhet,571,0
2025-11-02,Barisal,417,0
2025-11-02,Chittagong,1508,0
2025-11-02,Comilla,1369,0
2025-11-02,Dhaka,5056,0
2025-11-02,Khulna,1484,0
2025-11-02,Mymensingh,1002,0
2025-11-02,Rajshahi,1050,0
2025-11-02,Rangpur,701,0
2025-11-02,Sylhet,571,0
2025-11-03,Barisal,376,0
2025-11-03,Chittagong,1457,0
2025-11-03,Comilla,1274,0
2025-11-03,Dhaka,5072,0
2025-11-03,Khulna,1489,0
2025-11-03,Mymensingh,997,0
2025-11-03,Rajshahi,1110,0
2025-11-03,Rangpur,783,0
2025-11-03,Sylhet,563,0
2025-11-04,Barisal,395,0
2025-11-04,Chittagong,1443,0
2025-11-04,Comilla,1328,0
2025-11-04,Dhaka,5080,0
2025-11-04,Khulna,1457,0
2025-11-04,Mymensingh,1042,69
2025-11-04,Rajshahi,1124,0
2025-11-04,Rangpur,747,0
2025-11-04,Sylhet,618,0
2025-11-05,Barisal,413,0
2025-11-05,Chittagong,1275,0
2025-11-05,Comilla,1219,0
2025-11-05,Dhaka,5205,0
2025-11-05,Khulna,1531,0
2025-11-05,Mymensingh,950,48
2025-11-05,Rajshahi,1178,0
2025-11-05,Rangpur,772,0
2025-11-05,Sylhet,534,0
2025-11-06,Barisal,424,0
2025-11-06,Chittagong,1362,20
2025-11-06,Comilla,1270,80
2025-11-06,Dhaka,5195,10
2025-11-06,Khulna,1471,140
2025-11-06,Mymensingh,1030,80
2025-11-06,Rajshahi,1149,76
2025-11-06,Rangpur,764,50
2025-11-06,Sylhet,557,0
2025-11-07,Barisal,414,0
2025-11-07,Chittagong,1305,0
2025-11-07,Comilla,1243,0
2025-11-07,Dhaka,4499,0
2025-11-07,Khulna,1378,0
2025-11-07,Mymensingh,960,0
2025-11-07,Rajshahi,1027,0
2025-11-07,Rangpur,620,0
2025-11-07,Sylhet,545,0
2025-11-08,Barisal,380,0
2025-11-08,Chittagong,1425,0
2025-11-08,Comilla,1225,0
2025-11-08,Dhaka,4740,5
2025-11-08,Khulna,1319,0
2025-11-08,Mymensingh,929,30
2025-11-08,Rajshahi,998,0
2025-11-08,Rangpur,689,0
2025-11-08,Sylhet,545,37
2025-11-09,Barisal,342,7
2025-11-09,Chittagong,1490,31
2025-11-09,Comilla,1103,9
2025-11-09,Dhaka,4825,28
2025-11-09,Khulna,1277,46
2025-11-09,Mymensingh,939,52
2025-11-09,Rajshahi,1037,8
2025-11-09,Rangpur,744,10
2025-11-09,Sylhet,517,10
2025-11-10,Barisal,343,0
2025-11-10,Chittagong,1368,0
2025-11-10,Comilla,1133,0
2025-11-10,Dhaka,4942,0
2025-11-10,Khulna,1340,0
2025-11-10,Mymensingh,923,65
2025-11-10,Rajshahi,1025,0
2025-11-10,Rangpur,786,0
2025-11-10,Sylhet,534,0
2025-11-11,Barisal,329,0
2025-11-11,Chittagong,1393,0
2025-11-11,Comilla,1134,0
2025-11-11,Dhaka,4754,0
2025-11-11,Khulna,1292,0
2025-11-11,Mymensingh,886,45
2025-11-11,Rajshahi,1017,0
2025-11-11,Rangpur,752,0
2025-11-11,Sylhet,523,0
2025-11-12,Barisal,306,0
2025-11-12,Chittagong,1269,0
2025-11-12,Comilla,998,0
2025-11-12,Dhaka,4615,0
2025-11-12,Khulna,1246,0
2025-11-12,Mymensingh,860,44
2025-11-12,Rajshahi,965,0
2025-11-12,Rangpur,684,0
2025-11-12,Sylhet,496,0
2025-11-13,Barisal,298,0
2025-11-13,Chittagong,1436,0
2025-11-13,Comilla,1057,0
2025-11-13,Dhaka,4538,0
2025-11-13,Khulna,1227,0
2025-11-13,Mymensingh,866,0
2025-11-13,Rajshahi,936,0
2025-11-13,Rangpur,712,0
2025-11-13,Sylhet,479,0
2025-11-14,Barisal,284,0
2025-11-14,Chittagong,1206,0
2025-11-14,Comilla,926,0
2025-11-14,Dhaka,3394,0
2025-11-14,Khulna,1093,0
2025-11-14,Mymensingh,825,0
2025-11-14,Rajshahi,878,0
2025-11-14,Rangpur,641,0
2025-11-14,Sylhet,421,0
2025-11-15,Barisal,314,0
2025-11-15,Chittagong,1209,0
2025-11-15,Comilla,947,0
2025-11-15,Dhaka,4243,0
2025-11-15,Khulna,1178,0
2025-11-15,Mymensingh,822,0
2025-11-15,Rajshahi,952,0
2025-11-15,Rangpur,673,0
2025-11-15,Sylhet,438,0
2025-11-16,Barisal,312,0
2025-11-16,Chittagong,1282,0
2025-11-16,Comilla,969,0
2025-11-16,Dhaka,4531,0
2025-11-16,Khulna,1203,0
2025-11-16,Mymensingh,852,0
2025-11-16,Rajshahi,987,0
2025-11-16,Rangpur,702,0
2025-11-16,Sylhet,425,0
2025-11-17,Barisal,312,0
2025-11-17,Chittagong,1429,0
2025-11-17,Comilla,1009,0
2025-11-17,Dhaka,4564,0
2025-11-17,Khulna,1201,0
2025-11-17,Mymensingh,861,0
2025-11-17,Rajshahi,989,0
2025-11-17,Rangpur,695,0
2025-11-17,Sylhet,445,0
2025-11-18,Barisal,322,0
2025-11-18,Chittagong,1384,0
2025-11-18,Comilla,1029,0
2025-11-18,Dhaka,4577,0
2025-11-18,Khulna,1276,0
2025-11-18,Mymensingh,868,30
2025-11-18,Rajshahi,1006,0
2025-11-18,Rangpur,761,0
2025-11-18,Sylhet,438,0
2025-11-19,Barisal,306,0
2025-11-19,Chittagong,1374,0
2025-11-19,Comilla,989,0
2025-11-19,Dhaka,4654,0
2025-11-19,Khulna,1222,0
2025-11-19,Mymensingh,858,0
2025-11-19,Rajshahi,1009,0
2025-11-19,Rangpur,754,0
2025-11-19,Sylhet,435,0
2025-11-20,Barisal,309,0
2025-11-20,Chittagong,1312,0
2025-11-20,Comilla,1021,0
2025-11-20,Dhaka,4651,0
2025-11-20,Khulna,1281,0
2025-11-20,Mymensingh,857,22
2025-11-20,Rajshahi,976,0
2025-11-20,Rangpur,731,0
2025-11-20,Sylhet,443,0
2025-11-21,Barisal,276,0
2025-11-21,Chittagong,1163,0
2025-11-21,Comilla,899,0
2025-11-21,Dhaka,3377,0
2025-11-21,Khulna,1118,0
2025-11-21,Mymensingh,773,0
2025-11-21,Rajshahi,891,0
2025-11-21,Rangpur,670,0
2025-11-21,Sylhet,392,0
2025-11-22,Barisal,316,0
2025-11-22,Chittagong,1260,0
2025-11-22,Comilla,959,0
2025-11-22,Dhaka,4269,0
2025-11-22,Khulna,1275,0
2025-11-22,Mymensingh,887,0
2025-11-22,Rajshahi,989,0
2025-11-22,Rangpur,758,0
2025-11-22,Sylhet,430,0
2025-11-23,Barisal,313,0
2025-11-23,Chittagong,1167,0
2025-11-23,Comilla,940,0
2025-11-23,Dhaka,4288,0
2025-11-23,Khulna,1263,0
2025-11-23,Mymensingh,849,0
2025-11-23,Rajshahi,970,0
2025-11-23,Rangpur,738,0
2025-11-23,Sylhet,403,0
2025-11-24,Barisal,304,0
2025-11-24,Chittagong,1233,0
2025-11-24,Comilla,965,0
2025-11-24,Dhaka,4360,0
2025-11-24,Khulna,1252,0
2025-11-24,Mymensingh,883,0
2025-11-24,Rajshahi,974,0
2025-11-24,Rangpur,728,0
2025-11-24,Sylhet,401,0
2025-11-25,Barisal,307,0
2025-11-25,Chittagong,1186,0
2025-11-25,Comilla,951,0
2025-11-25,Dhaka,4350,0
2025-11-25,Khulna,1257,0
2025-11-25,Mymensingh,876,0
2025-11-25,Rajshahi,998,0
2025-11-25,Rangpur,762,0
2025-11-25,Sylhet,417,0
2025-11-26,Barisal,307,0
2025-11-26,Chittagong,1280,0
2025-11-26,Comilla,934,0
2025-11-26,Dhaka,4262,0
2025-11-26,Khulna,1245,0
2025-11-26,Mymensingh,886,0
2025-11-26,Rajshahi,1004,0
2025-11-26,Rangpur,756,0
2025-11-26,Sylhet,414,0
2025-11-27,Barisal,294,0
2025-11-27,Chittagong,1216,0
2025-11-27,Comilla,951,0
2025-11-27,Dhaka,4266,0
2025-11-27,Khulna,1252,0
2025-11-27,Mymensingh,849,0
2025-11-27,Rajshahi,982,0
2025-11-27,Rangpur,717,0
2025-11-27,Sylhet,416,0
2025-11-28,Barisal,290,0
2025-11-28,Chittagong,1129,0
2025-11-28,Comilla,876,0
2025-11-28,Dhaka,3299,0
2025-11-28,Khulna,1132,0
2025-11-28,Mymensingh,772,0
2025-11-28,Rajshahi,907,0
2025-11-28,Rangpur,697,0
2025-11-28,Sylhet,379,0
2025-11-29,Barisal,290,0
2025-11-29,Chittagong,1142,0
2025-11-29,Comilla,957,0
2025-11-29,Dhaka,4095,0
2025-11-29,Khulna,1258,0
2025-11-29,Mymensingh,886,0
2025-11-29,Rajshahi,1006,0
2025-11-29,Rangpur,758,0
2025-11-29,Sylhet,429,0
2025-11-30,Barisal,314,0
2025-11-30,Chittagong,1235,0
2025-11-30,Comilla,907,0
2025-11-30,Dhaka,4231,0
2025-11-30,Khulna,1266,0
2025-11-30,Mymensingh,834,0
2025-11-30,Rajshahi,979,0
2025-11-30,Rangpur,757,0
2025-11-30,Sylhet,398,0
2025-12-01,Barisal,304,0
2025-12-01,Chittagong,1198,0
2025-12-01,Comilla,936,0
2025-12-01,Dhaka,4280,0
2025-12-01,Khulna,1263,0
2025-12-01,Mymensingh,850,0
2025-12-01,Rajshahi,972,0
2025-12-01,Rangpur,758,0
2025-12-01,Sylhet,407,0
2025-12-02,Barisal,300,0
2025-12-02,Chittagong,1227,0
2025-12-02,Comilla,891,0
2025-12-02,Dhaka,4214,0
2025-12-02,Khulna,1212,0
2025-12-02,Mymensingh,807,0
2025-12-02,Rajshahi,964,0
2025-12-02,Rangpur,776,0
2025-12-02,Sylhet,408,0
2025-12-03,Barisal,290,0
2025-12-03,Chittagong,1251,0
2025-12-03,Comilla,909,0
2025-12-03,Dhaka,4161,0
2025-12-03,Khulna,1242,0
2025-12-03,Mymensingh,809,0
2025-12-03,Rajshahi,988,0
2025-12-03,Rangpur,778,0
2025-12-03,Sylhet,400,0
2025-12-04,Barisal,312,0
2025-12-04,Chittagong,1225,0
2025-12-04,Comilla,883,0
2025-12-04,Dhaka,4207,0
2025-12-04,Khulna,1225,0
2025-12-04,Mymensingh,857,0
2025-12-04,Rajshahi,985,0
2025-12-04,Rangpur,780,0
2025-12-04,Sylhet,389,0
2025-12-05,Barisal,284,0
2025-12-05,Chittagong,1088,0
2025-12-05,Comilla,887,0
2025-12-05,Dhaka,3224,0
2025-12-05,Khulna,1132,0
2025-12-05,Mymensingh,809,0
2025-12-05,Rajshahi,881,0
2025-12-05,Rangpur,688,0
2025-12-05,Sylhet,369,0
2025-12-06,Barisal,318,0
2025-12-06,Chittagong,1193,0
2025-12-06,Comilla,939,0
2025-12-06,Dhaka,3929,0
2025-12-06,Khulna,1218,0
2025-12-06,Mymensingh,820,0
2025-12-06,Rajshahi,946,0
2025-12-06,Rangpur,708,0
2025-12-06,Sylhet,394,0
2025-12-07,Barisal,307,0
2025-12-07,Chittagong,1248,0
2025-12-07,Comilla,932,0
2025-12-07,Dhaka,4178,0
2025-12-07,Khulna,1264,0
2025-12-07,Mymensingh,878,0
2025-12-07,Rajshahi,1001,0
2025-12-07,Rangpur,795,0
2025-12-07,Sylhet,399,0
2025-12-08,Barisal,308,0
2025-12-08,Chittagong,1147,0
2025-12-08,Comilla,912,0
2025-12-08,Dhaka,4122,0
2025-12-08,Khulna,1271,0
2025-12-08,Mymensingh,887,0
2025-12-08,Rajshahi,1018,0
2025-12-08,Rangpur,787,0
2025-12-08,Sylhet,401,0
2025-12-09,Barisal,309,0
2025-12-09,Chittagong,1146,0
2025-12-09,Comilla,921,0
2025-12-09,Dhaka,4097,0
2025-12-09,Khulna,1260,0
2025-12-09,Mymensingh,890,0
2025-12-09,Rajshahi,1013,0
2025-12-09,Rangpur,778,0
2025-12-09,Sylhet,401,0
2025-12-10,Barisal,306,0
2025-12-10,Chittagong,1235,0
2025-12-10,Comilla,956,0
2025-12-10,Dhaka,4268,0
2025-12-10,Khulna,1250,0
2025-12-10,Mymensingh,847,0
2025-12-10,Rajshahi,1030,0
2025-12-10,Rangpur,782,0
2025-12-10,Sylhet,401,0
2025-12-11,Barisal,309,0
2025-12-11,Chittagong,1218,0
2025-12-11,Comilla,933,0
2025-12-11,Dhaka,4166,0
2025-12-11,Khulna,1268,0
2025-12-11,Mymensingh,848,0
2025-12-11,Rajshahi,985,0
2025-12-11,Rangpur,770,0
2025-12-11,Sylhet,400,0
2025-12-12,Barisal,288,0
2025-12-12,Chittagong,1110,0
2025-12-12,Comilla,855,0
2025-12-12,Dhaka,3177,0
2025-12-12,Khulna,1084,0
2025-12-12,Mymensingh,791,0
2025-12-12,Rajshahi,900,0
2025-12-12,Rangpur,629,0
2025-12-12,Sylhet,363,0
2025-12-13,Barisal,321,0
2025-12-13,Chittagong,1275,0
2025-12-13,Comilla,959,0
2025-12-13,Dhaka,3965,0
2025-12-13,Khulna,1287,0
2025-12-13,Mymensingh,885,0
2025-12-13,Rajshahi,1019,0
2025-12-13,Rangpur,764,0
2025-12-13,Sylhet,407,0
2025-12-14,Barisal,310,0
2025-12-14,Chittagong,1242,0
2025-12-14,Comilla,939,0
2025-12-14,Dhaka,4142,0
2025-12-14,Khulna,1271,0
2025-12-14,Mymensingh,875,0
2025-12-14,Rajshahi,998,0
2025-12-14,Rangpur,776,0
2025-12-14,Sylhet,405,0
2025-12-15,Barisal,307,0
2025-12-15,Chittagong,1224,0
2025-12-15,Comilla,913,0
2025-12-15,Dhaka,4149,0
2025-12-15,Khulna,1266,0
2025-12-15,Mymensingh,854,0
2025-12-15,Rajshahi,997,0
2025-12-15,Rangpur,764,0
2025-12-15,Sylhet,408,0
2025-12-16,Barisal,295,0
2025-12-16,Chittagong,779,0
2025-12-16,Comilla,863,0
2025-12-16,Dhaka,2986,0
2025-12-16,Khulna,1170,0
2025-12-16,Mymensingh,824,0
2025-12-16,Rajshahi,963,0
2025-12-16,Rangpur,700,0
2025-12-16,Sylhet,376,0
2025-12-17,Barisal,311,0
2025-12-17,Chittagong,1172,0
2025-12-17,Comilla,937,0
2025-12-17,Dhaka,4018,0
2025-12-17,Khulna,1214,0
2025-12-17,Mymensingh,840,0
2025-12-17,Rajshahi,978,0
2025-12-17,Rangpur,709,0
2025-12-17,Sylhet,388,0
2025-12-18,Barisal,312,0
2025-12-18,Chittagong,1177,0
2025-12-18,Comilla,956,0
2025-12-18,Dhaka,4223,0
2025-12-18,Khulna,1271,0
2025-12-18,Mymensingh,865,0
2025-12-18,Rajshahi,967,0
2025-12-18,Rangpur,760,0
2025-12-18,Sylhet,404,0
2025-12-19,Barisal,292,0
2025-12-19,Chittagong,1106,0
2025-12-19,Comilla,857,0
2025-12-19,Dhaka,3255,0
2025-12-19,Khulna,1108,0
2025-12-19,Mymensingh,780,0
2025-12-19,Rajshahi,892,0
2025-12-19,Rangpur,633,0
2025-12-19,Sylhet,350,0
2025-12-20,Barisal,310,0
2025-12-20,Chittagong,1229,0
2025-12-20,Comilla,909,0
2025-12-20,Dhaka,4038,0
2025-12-20,Khulna,1236,0
2025-12-20,Mymensingh,860,0
2025-12-20,Rajshahi,959,0
2025-12-20,Rangpur,759,0
2025-12-20,Sylhet,389,0
2025-12-21,Barisal,309,0
2025-12-21,Chittagong,1144,0
2025-12-21,Comilla,938,0
2025-12-21,Dhaka,4162,0
2025-12-21,Khulna,1251,0
2025-12-21,Mymensingh,861,0
2025-12-21,Rajshahi,986,0
2025-12-21,Rangpur,774,0
2025-12-21,Sylhet,399,0
2025-12-22,Barisal,308,0
2025-12-22,Chittagong,1190,0
2025-12-22,Comilla,945,0
2025-12-22,Dhaka,4151,0
2025-12-22,Khulna,1271,0
2025-12-22,Mymensingh,845,0
2025-12-22,Rajshahi,1000,0
2025-12-22,Rangpur,750,0
2025-12-22,Sylhet,403,0
2025-12-23,Barisal,310,0
2025-12-23,Chittagong,1198,0
2025-12-23,Comilla,897,0
2025-12-23,Dhaka,4187,0
2025-12-23,Khulna,1267,0
2025-12-23,Mymensingh,864,0
2025-12-23,Rajshahi,1006,0
2025-12-23,Rangpur,741,0
2025-12-23,Sylhet,407,0
2025-12-24,Barisal,300,0
2025-12-24,Chittagong,1233,0
2025-12-24,Comilla,924,0
2025-12-24,Dhaka,4004,0
2025-12-24,Khulna,1243,0
2025-12-24,Mymensingh,847,0
2025-12-24,Rajshahi,955,0
2025-12-24,Rangpur,721,0
2025-12-24,Sylhet,386,0
2025-12-25,Barisal,301,0
2025-12-25,Chittagong,1134,0
2025-12-25,Comilla,878,0
2025-12-25,Dhaka,3680,0
2025-12-25,Khulna,1220,0
2025-12-25,Mymensingh,821,0
2025-12-25,Rajshahi,956,0
2025-12-25,Rangpur,702,0
2025-12-25,Sylhet,383,0
2025-12-26,Barisal,301,0
2025-12-26,Chittagong,1029,0
2025-12-26,Comilla,857,0
2025-12-26,Dhaka,3051,0
2025-12-26,Khulna,1115,0
2025-12-26,Mymensingh,782,0
2025-12-26,Rajshahi,891,0
2025-12-26,Rangpur,639,0
2025-12-26,Sylhet,374,0
2025-12-27,Barisal,314,0
2025-12-27,Chittagong,1175,0
2025-12-27,Comilla,916,0
2025-12-27,Dhaka,3839,0
2025-12-27,Khulna,1231,0
2025-12-27,Mymensingh,861,0
2025-12-27,Rajshahi,993,0
2025-12-27,Rangpur,732,0
2025-12-27,Sylhet,391,0
2025-12-29,Barisal,320,0
2025-12-29,Chittagong,1168,0
2025-12-29,Comilla,915,0
2025-12-29,Dhaka,3985,0
2025-12-29,Khulna,1309,0
2025-12-29,Mymensingh,851,0
2025-12-29,Rajshahi,990,0
2025-12-29,Rangpur,773,0
2025-12-29,Sylhet,386,0
2025-12-30,Barisal,315,0
2025-12-30,Chittagong,1128,0
2025-12-30,Comilla,930,0
2025-12-30,Dhaka,3970,0
2025-12-30,Khulna,1263,0
2025-12-30,Mymensingh,878,0
2025-12-30,Rajshahi,982,0
2025-12-30,Rangpur,719,0
2025-12-30,Sylhet,377,0
2025-12-31,Barisal,312,0
2025-12-31,Chittagong,1091,0
2025-12-31,Comilla,896,0
2025-12-31,Dhaka,3181,0
2025-12-31,Khulna,1217,0
2025-12-31,Mymensingh,816,0
2025-12-31,Rajshahi,971,0
2025-12-31,Rangpur,706,0
2025-12-31,Sylhet,366,0
2026-01-01,Barisal,312,0
2026-01-01,Chittagong,1123,0
2026-01-01,Comilla,903,0
2026-01-01,Dhaka,3812,0
2026-01-01,Khulna,1283,0
2026-01-01,Mymensingh,863,0
2026-01-01,Rajshahi,979,0
2026-01-01,Rangpur,766,0
2026-01-01,Sylhet,403,0
2026-01-02,Barisal,313,0
2026-01-02,Chittagong,1069,0
2026-01-02,Comilla,895,0
2026-01-02,Dhaka,3129,0
2026-01-02,Khulna,1146,0
2026-01-02,Mymensingh,801,0
2026-01-02,Rajshahi,919,0
2026-01-02,Rangpur,622,0
2026-01-02,Sylhet,374,0
2026-01-03,Barisal,329,0
2026-01-03,Chittagong,1147,0
2026-01-03,Comilla,941,0
2026-01-03,Dhaka,3768,0
2026-01-03,Khulna,1260,0
2026-01-03,Mymensingh,869,0
2026-01-03,Rajshahi,980,0
2026-01-03,Rangpur,698,0
2026-01-03,Sylhet,401,0
2026-01-04,Barisal,320,0
2026-01-04,Chittagong,1100,0
2026-01-04,Comilla,927,0
2026-01-04,Dhaka,3890,0
2026-01-04,Khulna,1280,0
2026-01-04,Mymensingh,864,0
2026-01-04,Rajshahi,1009,0
2026-01-04,Rangpur,713,0
2026-01-04,Sylhet,391,0
2026-01-05,Barisal,314,0
2026-01-05,Chittagong,1072,0
2026-01-05,Comilla,966,0
2026-01-05,Dhaka,4063,0
2026-01-05,Khulna,1319,0
2026-01-05,Mymensingh,911,0
2026-01-05,Rajshahi,1022,0
2026-01-05,Rangpur,780,0
2026-01-05,Sylhet,394,0
2026-01-06,Barisal,321,0
2026-01-06,Chittagong,1108,0
2026-01-06,Comilla,902,0
2026-01-06,Dhaka,3961,0
2026-01-06,Khulna,1323,0
2026-01-06,Mymensingh,902,0
2026-01-06,Rajshahi,1037,0
2026-01-06,Rangpur,743,0
2026-01-06,Sylhet,396,0
2026-01-07,Barisal,324,0
2026-01-07,Chittagong,1240,0
2026-01-07,Comilla,959,0
2026-01-07,Dhaka,4030,0
2026-01-07,Khulna,1311,0
2026-01-07,Mymensingh,861,0
2026-01-07,Rajshahi,1017,0
2026-01-07,Rangpur,752,0
2026-01-07,Sylhet,399,0
2026-01-08,Barisal,320,0
2026-01-08,Chittagong,1130,0
2026-01-08,Comilla,934,0
2026-01-08,Dhaka,4165,0
2026-01-08,Khulna,1309,0
2026-01-08,Mymensingh,893,0
2026-01-08,Rajshahi,1017,0
2026-01-08,Rangpur,741,0
2026-01-08,Sylhet,398,0
2026-01-09,Barisal,303,0
2026-01-09,Chittagong,1105,0
2026-01-09,Comilla,898,0
2026-01-09,Dhaka,3195,0
2026-01-09,Khulna,1188,0
2026-01-09,Mymensingh,844,0
2026-01-09,Rajshahi,943,0
2026-01-09,Rangpur,672,0
2026-01-09,Sylhet,378,0
2026-01-10,Barisal,342,0
2026-01-10,Chittagong,1126,0
2026-01-10,Comilla,966,0
2026-01-10,Dhaka,3928,0
2026-01-10,Khulna,1303,0
2026-01-10,Mymensingh,914,0
2026-01-10,Rajshahi,1023,0
2026-01-10,Rangpur,728,0
2026-01-10,Sylhet,411,0
2026-01-11,Barisal,312,0
2026-01-11,Chittagong,1142,0
2026-01-11,Comilla,950,0
2026-01-11,Dhaka,4086,0
2026-01-11,Khulna,1315,0
2026-01-11,Mymensingh,931,0
2026-01-11,Rajshahi,1042,0
2026-01-11,Rangpur,790,0
2026-01-11,Sylhet,411,0
2026-01-12,Barisal,322,0
2026-01-12,Chittagong,1104,0
2026-01-12,Comilla,942,0
2026-01-12,Dhaka,4124,0
2026-01-12,Khulna,1308,0
2026-01-12,Mymensingh,913,0
2026-01-12,Rajshahi,1054,0
2026-01-12,Rangpur,748,0
2026-01-12,Sylhet,414,0
2026-01-13,Barisal,321,0
2026-01-13,Chittagong,1177,0
2026-01-13,Comilla,910,0
2026-01-13,Dhaka,4182,0
2026-01-13,Khulna,1314,0
2026-01-13,Mymensingh,941,0
2026-01-13,Rajshahi,1058,0
2026-01-13,Rangpur,739,0
2026-01-13,Sylhet,422,0
2026-01-14,Barisal,320,0
2026-01-14,Chittagong,1156,0
2026-01-14,Comilla,972,0
2026-01-14,Dhaka,4192,0
2026-01-14,Khulna,1283,0
2026-01-14,Mymensingh,932,0
2026-01-14,Rajshahi,995,0
2026-01-14,Rangpur,747,0
2026-01-14,Sylhet,402,0
2026-01-15,Barisal,317,0
2026-01-15,Chittagong,1078,0
2026-01-15,Comilla,963,0
2026-01-15,Dhaka,4192,0
2026-01-15,Khulna,1300,0
2026-01-15,Mymensingh,946,26
2026-01-15,Rajshahi,1020,0
2026-01-15,Rangpur,726,0
2026-01-15,Sylhet,409,0
2026-01-16,Barisal,302,0
2026-01-16,Chittagong,1078,0
2026-01-16,Comilla,926,0
2026-01-16,Dhaka,3292,0
2026-01-16,Khulna,1170,0
2026-01-16,Mymensingh,900,0
2026-01-16,Rajshahi,959,0
2026-01-16,Rangpur,654,0
2026-01-16,Sylhet,385,0
2026-01-17,Barisal,340,0
2026-01-17,Chittagong,1201,0
2026-01-17,Comilla,968,0
2026-01-17,Dhaka,4118,0
2026-01-17,Khulna,1220,0
2026-01-17,Mymensingh,965,0
2026-01-17,Rajshahi,1034,0
2026-01-17,Rangpur,696,0
2026-01-17,Sylhet,422,0
2026-01-18,Barisal,338,0
2026-01-18,Chittagong,1146,0
2026-01-18,Comilla,977,0
2026-01-18,Dhaka,4126,0
2026-01-18,Khulna,1289,0
2026-01-18,Mymensingh,916,0
2026-01-18,Rajshahi,1051,0
2026-01-18,Rangpur,701,0
2026-01-18,Sylhet,419,0
2026-01-19,Barisal,304,0
2026-01-19,Chittagong,1183,0
2026-01-19,Comilla,960,0
2026-01-19,Dhaka,4302,0
2026-01-19,Khulna,1267,0
2026-01-19,Mymensingh,906,0
2026-01-19,Rajshahi,1014,0
2026-01-19,Rangpur,688,0
2026-01-19,Sylhet,423,0
2026-01-20,Barisal,268,10
2026-01-20,Chittagong,1215,0
2026-01-20,Comilla,984,0
2026-01-20,Dhaka,4229,180
2026-01-20,Khulna,1260,110
2026-01-20,Mymensingh,960,100
2026-01-20,Rajshahi,1095,120
2026-01-20,Rangpur,697,22
2026-01-20,Sylhet,417,0
2026-01-21,Barisal,304,40
2026-01-21,Chittagong,1194,70
2026-01-21,Comilla,985,70
2026-01-21,Dhaka,4217,300
2026-01-21,Khulna,1230,160
2026-01-21,Mymensingh,960,110
2026-01-21,Rajshahi,1042,117
2026-01-21,Rangpur,689,55
2026-01-21,Sylhet,414,15
2026-01-22,Barisal,324,0
2026-01-22,Chittagong,1161,0
2026-01-22,Comilla,996,20
2026-01-22,Dhaka,4161,0
2026-01-22,Khulna,1277,55
2026-01-22,Mymensingh,955,65
2026-01-22,Rajshahi,1035,40
2026-01-22,Rangpur,730,10
2026-01-22,Sylhet,410,0
2026-01-23,Barisal,305,0
2026-01-23,Chittagong,1076,0
2026-01-23,Comilla,906,0
2026-01-23,Dhaka,3372,0
2026-01-23,Khulna,1171,0
2026-01-23,Mymensingh,923,0
2026-01-23,Rajshahi,988,0
2026-01-23,Rangpur,676,0
2026-01-23,Sylhet,386,0
2026-01-24,Barisal,336,0
2026-01-24,Chittagong,1208,0
2026-01-24,Comilla,990,0
2026-01-24,Dhaka,4092,0
2026-01-24,Khulna,1267,70
2026-01-24,Mymensingh,966,31
2026-01-24,Rajshahi,1041,40
2026-01-24,Rangpur,710,10
2026-01-24,Sylhet,405,0
2026-01-25,Barisal,324,0
2026-01-25,Chittagong,1217,0
2026-01-25,Comilla,982,10
2026-01-25,Dhaka,4295,110
2026-01-25,Khulna,1286,160
2026-01-25,Mymensingh,972,45
2026-01-25,Rajshahi,1076,95
2026-01-25,Rangpur,713,71
2026-01-25,Sylhet,423,0
2026-01-26,Barisal,311,34
2026-01-26,Chittagong,1253,66
2026-01-26,Comilla,1008,82
2026-01-26,Dhaka,4265,0
2026-01-26,Khulna,1250,164
2026-01-26,Mymensingh,1010,118
2026-01-26,Rajshahi,1085,73
2026-01-26,Rangpur,756,112
2026-01-26,Sylhet,395,60
2026-01-27,Barisal,306,20
2026-01-27,Chittagong,1180,0
2026-01-27,Comilla,985,10
2026-01-27,Dhaka,4319,56
2026-01-27,Khulna,1270,150
2026-01-27,Mymensingh,1000,100
2026-01-27,Rajshahi,1048,60
2026-01-27,Rangpur,730,30
2026-01-27,Sylhet,422,0
2026-01-28,Barisal,322,36
2026-01-28,Chittagong,1221,0
2026-01-28,Comilla,1000,8
2026-01-28,Dhaka,4349,115
2026-01-28,Khulna,1232,137
2026-01-28,Mymensingh,998,56
2026-01-28,Rajshahi,1047,65
2026-01-28,Rangpur,728,50
2026-01-28,Sylhet,400,31
2026-01-29,Barisal,284,20
2026-01-29,Chittagong,1270,0
2026-01-29,Comilla,1055,10
2026-01-29,Dhaka,4427,74
2026-01-29,Khulna,1231,80
2026-01-29,Mymensingh,924,50
2026-01-29,Rajshahi,1080,20
2026-01-29,Rangpur,728,0
2026-01-29,Sylhet,455,10
2026-01-30,Barisal,307,0
2026-01-30,Chittagong,1094,0
2026-01-30,Comilla,896,0
2026-01-30,Dhaka,3633,0
2026-01-30,Khulna,1177,0
2026-01-30,Mymensingh,947,0
2026-01-30,Rajshahi,1028,0
2026-01-30,Rangpur,740,0
2026-01-30,Sylhet,375,0
2026-01-31,Barisal,323,0
2026-01-31,Chittagong,1193,0
2026-01-31,Comilla,970,0
2026-01-31,Dhaka,4340,22
2026-01-31,Khulna,1305,0
2026-01-31,Mymensingh,1003,55
2026-01-31,Rajshahi,1117,0
2026-01-31,Rangpur,789,0
2026-01-31,Sylhet,414,0
2026-02-01,Barisal,320,0
2026-02-01,Chittagong,1171,0
2026-02-01,Comilla,976,0
2026-02-01,Dhaka,4409,0
2026-02-01,Khulna,1274,0
2026-02-01,Mymensingh,980,24
2026-02-01,Rajshahi,1109,0
2026-02-01,Rangpur,797,0
2026-02-01,Sylhet,417,0
2026-02-02,Barisal,315,0
2026-02-02,Chittagong,1215,0
2026-02-02,Comilla,1003,0
2026-02-02,Dhaka,4542,0
2026-02-02,Khulna,1306,0
2026-02-02,Mymensingh,1021,20
2026-02-02,Rajshahi,1112,5
2026-02-02,Rangpur,790,0
2026-02-02,Sylhet,413,12
2026-02-03,Barisal,327,0
2026-02-03,Chittagong,1157,0
2026-02-03,Comilla,1006,0
2026-02-03,Dhaka,3895,0
2026-02-03,Khulna,1292,0
2026-02-03,Mymensingh,1002,29
2026-02-03,Rajshahi,1054,0
2026-02-03,Rangpur,808,0
2026-02-03,Sylhet,417,0
2026-02-04,Barisal,304,0
2026-02-04,Chittagong,1108,0
2026-02-04,Comilla,943,0
2026-02-04,Dhaka,3524,0
2026-02-04,Khulna,1202,0
2026-02-04,Mymensingh,971,0
2026-02-04,Rajshahi,1068,0
2026-02-04,Rangpur,754,0
2026-02-04,Sylhet,392,0
2026-02-05,Barisal,310,0
2026-02-05,Chittagong,1187,0
2026-02-05,Comilla,997,0
2026-02-05,Dhaka,4442,0
2026-02-05,Khulna,1276,0
2026-02-05,Mymensingh,1044,0
2026-02-05,Rajshahi,1102,0
2026-02-05,Rangpur,792,0
2026-02-05,Sylhet,415,0
2026-02-06,Barisal,294,0
2026-02-06,Chittagong,1133,0
2026-02-06,Comilla,913,0
2026-02-06,Dhaka,3689,0
2026-02-06,Khulna,1194,0
2026-02-06,Mymensingh,971,0
2026-02-06,Rajshahi,1030,0
2026-02-06,Rangpur,765,0
2026-02-06,Sylhet,391,0
2026-02-07,Barisal,313,0
2026-02-07,Chittagong,1175,0
2026-02-07,Comilla,988,0
2026-02-07,Dhaka,4362,0
2026-02-07,Khulna,1315,0
2026-02-07,Mymensingh,1021,0
2026-02-07,Rajshahi,1119,0
2026-02-07,Rangpur,818,0
2026-02-07,Sylhet,422,0
2026-02-08,Barisal,314,0
2026-02-08,Chittagong,1240,0
2026-02-08,Comilla,984,0
2026-02-08,Dhaka,4313,0
2026-02-08,Khulna,1282,0
2026-02-08,Mymensingh,1039,0
2026-02-08,Rajshahi,1130,0
2026-02-08,Rangpur,804,0
2026-02-08,Sylhet,425,0
2026-02-09,Barisal,310,0
2026-02-09,Chittagong,1151,0
2026-02-09,Comilla,982,0
2026-02-09,Dhaka,4306,0
2026-02-09,Khulna,1302,0
2026-02-09,Mymensingh,1035,29
2026-02-09,Rajshahi,1122,0
2026-02-09,Rangpur,787,0
2026-02-09,Sylhet,422,0
2026-02-10,Barisal,315,0
2026-02-10,Chittagong,1064,0
2026-02-10,Comilla,980,0
2026-02-10,Dhaka,3552,0
2026-02-10,Khulna,1267,0
2026-02-10,Mymensingh,1019,0
2026-02-10,Rajshahi,1097,0
2026-02-10,Rangpur,760,0
2026-02-10,Sylhet,414,0
2026-02-11,Barisal,305,0
2026-02-11,Chittagong,914,0
2026-02-11,Comilla,900,0
2026-02-11,Dhaka,2811,0
2026-02-11,Khulna,1167,0
2026-02-11,Mymensingh,963,0
2026-02-11,Rajshahi,1023,0
2026-02-11,Rangpur,748,0
2026-02-11,Sylhet,384,0
2026-02-12,Barisal,280,0
2026-02-12,Chittagong,725,0
2026-02-12,Comilla,820,0
2026-02-12,Dhaka,2331,0
2026-02-12,Khulna,1052,0
2026-02-12,Mymensingh,859,0
2026-02-12,Rajshahi,873,0
2026-02-12,Rangpur,636,0
2026-02-12,Sylhet,356,0
2026-02-13,Barisal,294,0
2026-02-13,Chittagong,1046,0
2026-02-13,Comilla,914,0
2026-02-13,Dhaka,2935,0
2026-02-13,Khulna,1144,0
2026-02-13,Mymensingh,974,0
2026-02-13,Rajshahi,1005,0
2026-02-13,Rangpur,715,0
2026-02-13,Sylhet,375,0
2026-02-14,Barisal,321,0
2026-02-14,Chittagong,1120,0
2026-02-14,Comilla,1016,0
2026-02-14,Dhaka,4107,0
2026-02-14,Khulna,1279,0
2026-02-14,Mymensingh,1036,0
2026-02-14,Rajshahi,1135,0
2026-02-14,Rangpur,788,0
2026-02-14,Sylhet,416,0
2026-02-15,Barisal,330,0
2026-02-15,Chittagong,1144,0
2026-02-15,Comilla,1021,0
2026-02-15,Dhaka,4602,0
2026-02-15,Khulna,1303,0
2026-02-15,Mymensingh,1062,66
2026-02-15,Rajshahi,1152,0
2026-02-15,Rangpur,800,0
2026-02-15,Sylhet,420,0
2026-02-16,Barisal,318,0
2026-02-16,Chittagong,1172,0
2026-02-16,Comilla,1040,0
2026-02-16,Dhaka,4698,0
2026-02-16,Khulna,1307,0
2026-02-16,Mymensingh,1097,77
2026-02-16,Rajshahi,1162,0
2026-02-16,Rangpur,805,0
2026-02-16,Sylhet,430,0
2026-02-17,Barisal,329,0
2026-02-17,Chittagong,1202,0
2026-02-17,Comilla,1051,0
2026-02-17,Dhaka,4696,0
2026-02-17,Khulna,1366,0
2026-02-17,Mymensingh,1076,87
2026-02-17,Rajshahi,1176,0
2026-02-17,Rangpur,828,0
2026-02-17,Sylhet,443,0
2026-02-18,Barisal,353,0
2026-02-18,Chittagong,1250,0
2026-02-18,Comilla,1100,0
2026-02-18,Dhaka,4768,0
2026-02-18,Khulna,1432,0
2026-02-18,Mymensingh,1124,63
2026-02-18,Rajshahi,1197,0
2026-02-18,Rangpur,872,0
2026-02-18,Sylhet,456,0
2026-02-19,Barisal,330,0
2026-02-19,Chittagong,1230,0
2026-02-19,Comilla,1031,0
2026-02-19,Dhaka,4362,0
2026-02-19,Khulna,1309,0
2026-02-19,Mymensingh,1045,52
2026-02-19,Rajshahi,1036,0
2026-02-19,Rangpur,717,0
2026-02-19,Sylhet,412,0
2026-02-20,Barisal,327,0
2026-02-20,Chittagong,1171,0
2026-02-20,Comilla,1015,0
2026-02-20,Dhaka,4050,0
2026-02-20,Khulna,1240,0
2026-02-20,Mymensingh,991,0
2026-02-20,Rajshahi,1009,0
2026-02-20,Rangpur,656,0
2026-02-20,Sylhet,418,0
2026-02-21,Barisal,325,0
2026-02-21,Chittagong,1204,0
2026-02-21,Comilla,1013,0
2026-02-21,Dhaka,4042,0
2026-02-21,Khulna,1304,0
2026-02-21,Mymensingh,1031,0
2026-02-21,Rajshahi,1071,0
2026-02-21,Rangpur,709,0
2026-02-21,Sylhet,415,0
2026-02-22,Barisal,335,0
2026-02-22,Chittagong,1216,0
2026-02-22,Comilla,1042,0
2026-02-22,Dhaka,4540,0
2026-02-22,Khulna,1324,0
2026-02-22,Mymensingh,992,0
2026-02-22,Rajshahi,1100,0
2026-02-22,Rangpur,711,0
2026-02-22,Sylhet,419,0
2026-02-23,Barisal,333,0
2026-02-23,Chittagong,1242,0
2026-02-23,Comilla,1000,0
2026-02-23,Dhaka,4554,0
2026-02-23,Khulna,1346,0
2026-02-23,Mymensingh,1017,0
2026-02-23,Rajshahi,1090,0
2026-02-23,Rangpur,716,0
2026-02-23,Sylhet,394,0
2026-02-24,Barisal,339,0
2026-02-24,Chittagong,1320,0
2026-02-24,Comilla,1023,0
2026-02-24,Dhaka,4637,0
2026-02-24,Khulna,1285,0
2026-02-24,Mymensingh,994,0
2026-02-24,Rajshahi,1118,0
2026-02-24,Rangpur,715,0
2026-02-24,Sylhet,414,0
2026-02-25,Barisal,335,0
2026-02-25,Chittagong,1262,0
2026-02-25,Comilla,1088,0
2026-02-25,Dhaka,4806,0
2026-02-25,Khulna,1321,0
2026-02-25,Mymensingh,1004,0
2026-02-25,Rajshahi,1113,0
2026-02-25,Rangpur,708,0
2026-02-25,Sylhet,430,0
2026-02-26,Barisal,340,0
2026-02-26,Chittagong,1250,0
2026-02-26,Comilla,1049,0
2026-02-26,Dhaka,4706,0
2026-02-26,Khulna,1345,0
2026-02-26,Mymensingh,1002,0
2026-02-26,Rajshahi,1100,0
2026-02-26,Rangpur,750,0
2026-02-26,Sylhet,419,0
2026-02-27,Barisal,334,0
2026-02-27,Chittagong,1187,0
2026-02-27,Comilla,1027,0
2026-02-27,Dhaka,4157,0
2026-02-27,Khulna,1210,0
2026-02-27,Mymensingh,940,0
2026-02-27,Rajshahi,1054,0
2026-02-27,Rangpur,647,0
2026-02-27,Sylhet,423,0
2026-02-28,Barisal,362,0
2026-02-28,Chittagong,1225,0
2026-02-28,Comilla,1038,0
2026-02-28,Dhaka,4643,0
2026-02-28,Khulna,1357,0
2026-02-28,Mymensingh,1016,0
2026-02-28,Rajshahi,1138,0
2026-02-28,Rangpur,713,0
2026-02-28,Sylhet,419,0
2026-03-01,Barisal,359,0
2026-03-01,Chittagong,1207,0
2026-03-01,Comilla,1131,0
2026-03-01,Dhaka,4843,0
2026-03-01,Khulna,1405,0
2026-03-01,Mymensingh,997,0
2026-03-01,Rajshahi,1164,0
2026-03-01,Rangpur,724,0
2026-03-01,Sylhet,427,0
2026-03-02,Barisal,375,0
2026-03-02,Chittagong,1374,0
2026-03-02,Comilla,1184,0
2026-03-02,Dhaka,4825,0
2026-03-02,Khulna,1405,0
2026-03-02,Mymensingh,998,0
2026-03-02,Rajshahi,1170,0
2026-03-02,Rangpur,673,0
2026-03-02,Sylhet,440,0
2026-03-03,Barisal,362,0
2026-03-03,Chittagong,1248,0
2026-03-03,Comilla,1154,0
2026-03-03,Dhaka,4828,0
2026-03-03,Khulna,1405,10
2026-03-03,Mymensingh,1022,0
2026-03-03,Rajshahi,1179,0
2026-03-03,Rangpur,733,0
2026-03-03,Sylhet,458,0
2026-03-04,Barisal,360,0
2026-03-04,Chittagong,1281,0
2026-03-04,Comilla,1139,0
2026-03-04,Dhaka,4841,0
2026-03-04,Khulna,1395,17
2026-03-04,Mymensingh,1005,0
2026-03-04,Rajshahi,1190,0
2026-03-04,Rangpur,712,0
2026-03-04,Sylhet,465,0
2026-03-05,Barisal,364,0
2026-03-05,Chittagong,1285,0
2026-03-05,Comilla,1154,0
2026-03-05,Dhaka,4903,0
2026-03-05,Khulna,1448,0
2026-03-05,Mymensingh,1075,0
2026-03-05,Rajshahi,1167,0
2026-03-05,Rangpur,748,0
2026-03-05,Sylhet,481,0
2026-03-06,Barisal,354,0
2026-03-06,Chittagong,1274,0
2026-03-06,Comilla,1211,0
2026-03-06,Dhaka,4545,0
2026-03-06,Khulna,1389,0
2026-03-06,Mymensingh,1080,0
2026-03-06,Rajshahi,1183,0
2026-03-06,Rangpur,703,0
2026-03-06,Sylhet,525,0
2026-03-07,Barisal,385,0
2026-03-07,Chittagong,1315,0
2026-03-07,Comilla,1261,0
2026-03-07,Dhaka,5059,0
2026-03-07,Khulna,1524,0
2026-03-07,Mymensingh,1147,0
2026-03-07,Rajshahi,1282,0
2026-03-07,Rangpur,767,0
2026-03-07,Sylhet,531,0
2026-03-08,Barisal,399,0
2026-03-08,Chittagong,1240,0
2026-03-08,Comilla,1263,0
2026-03-08,Dhaka,5195,0
2026-03-08,Khulna,1542,0
2026-03-08,Mymensingh,1107,0
2026-03-08,Rajshahi,1322,0
2026-03-08,Rangpur,770,0
2026-03-08,Sylhet,534,0
2026-03-09,Barisal,398,0
2026-03-09,Chittagong,1316,0
2026-03-09,Comilla,1293,0
2026-03-09,Dhaka,5139,0
2026-03-09,Khulna,1585,0
2026-03-09,Mymensingh,1077,0
2026-03-09,Rajshahi,1328,0
2026-03-09,Rangpur,807,0
2026-03-09,Sylhet,512,0
2026-03-10,Barisal,405,0
2026-03-10,Chittagong,1432,0
2026-03-10,Comilla,1297,0
2026-03-10,Dhaka,5255,0
2026-03-10,Khulna,1636,0
2026-03-10,Mymensingh,1152,0
2026-03-10,Rajshahi,1379,0
2026-03-10,Rangpur,880,0
2026-03-10,Sylhet,522,0
2026-03-11,Barisal,414,0
2026-03-11,Chittagong,1416,40
2026-03-11,Comilla,1370,15
2026-03-11,Dhaka,5463,0
2026-03-11,Khulna,1672,10
2026-03-11,Mymensingh,1217,25
2026-03-11,Rajshahi,1459,0
2026-03-11,Rangpur,892,0
2026-03-11,Sylhet,570,10
2026-03-12,Barisal,393,0
2026-03-12,Chittagong,1328,34
2026-03-12,Comilla,1366,0
2026-03-12,Dhaka,5269,0
2026-03-12,Khulna,1586,0
2026-03-12,Mymensingh,1097,0
2026-03-12,Rajshahi,1272,0
2026-03-12,Rangpur,801,0
2026-03-12,Sylhet,560,0
2026-03-13,Barisal,404,0
2026-03-13,Chittagong,1242,0
2026-03-13,Comilla,1087,0
2026-03-13,Dhaka,4321,0
2026-03-13,Khulna,1668,0
2026-03-13,Mymensingh,846,0
2026-03-13,Rajshahi,1258,0
2026-03-13,Rangpur,733,0
2026-03-13,Sylhet,371,0
2026-03-14,Barisal,415,0
2026-03-14,Chittagong,1406,0
2026-03-14,Comilla,1334,0
2026-03-14,Dhaka,5272,0
2026-03-14,Khulna,1744,0
2026-03-14,Mymensingh,1198,20
2026-03-14,Rajshahi,1450,0
2026-03-14,Rangpur,804,0
2026-03-14,Sylhet,435,0
2026-03-15,Barisal,392,0
2026-03-15,Chittagong,1346,21
2026-03-15,Comilla,1327,0
2026-03-15,Dhaka,5269,0
2026-03-15,Khulna,1620,0
2026-03-15,Mymensingh,1088,0
2026-03-15,Rajshahi,1416,0
2026-03-15,Rangpur,770,0
2026-03-15,Sylhet,393,0
2026-03-16,Barisal,378,0
2026-03-16,Chittagong,1443,73
2026-03-16,Comilla,1325,0
2026-03-16,Dhaka,5040,0
2026-03-16,Khulna,1620,0
2026-03-16,Mymensingh,1019,0
2026-03-16,Rajshahi,1276,0
2026-03-16,Rangpur,816,0
2026-03-16,Sylhet,451,0
2026-03-17,Barisal,382,0
2026-03-17,Chittagong,1334,0
2026-03-17,Comilla,1341,0
2026-03-17,Dhaka,4818,0
2026-03-17,Khulna,1680,0
2026-03-17,Mymensingh,1025,0
2026-03-17,Rajshahi,1342,0
2026-03-17,Rangpur,750,0
2026-03-17,Sylhet,436,0
2026-03-18,Barisal,376,0
2026-03-18,Chittagong,1260,0
2026-03-18,Comilla,1299,0
2026-03-18,Dhaka,3372,0
2026-03-18,Khulna,1602,0
2026-03-18,Mymensingh,802,0
2026-03-18,Rajshahi,1182,0
2026-03-18,Rangpur,870,0
2026-03-18,Sylhet,386,0
2026-03-19,Barisal,430,0
2026-03-19,Chittagong,1278,0
2026-03-19,Comilla,1233,0
2026-03-19,Dhaka,3220,0
2026-03-19,Khulna,1637,0
2026-03-19,Mymensingh,976,0
2026-03-19,Rajshahi,1243,0
2026-03-19,Rangpur,742,0
2026-03-19,Sylhet,469,0
2026-03-20,Barisal,300,0
2026-03-20,Chittagong,916,0
2026-03-20,Comilla,872,0
2026-03-20,Dhaka,2507,0
2026-03-20,Khulna,1043,0
2026-03-20,Mymensingh,744,0
2026-03-20,Rajshahi,1038,0
2026-03-20,Rangpur,637,0
2026-03-20,Sylhet,389,0
2026-03-21,Barisal,321,0
2026-03-21,Chittagong,776,0
2026-03-21,Comilla,927,0
2026-03-21,Dhaka,2272,0
2026-03-21,Khulna,1059,0
2026-03-21,Mymensingh,734,0
2026-03-21,Rajshahi,756,0
2026-03-21,Rangpur,510,0
2026-03-21,Sylhet,385,0
2026-03-22,Barisal,319,0
2026-03-22,Chittagong,1042,0
2026-03-22,Comilla,959,0
2026-03-22,Dhaka,2273,0
2026-03-22,Khulna,1162,0
2026-03-22,Mymensingh,833,0
2026-03-22,Rajshahi,927,0
2026-03-22,Rangpur,625,0
2026-03-22,Sylhet,379,0
2026-03-23,Barisal,341,0
2026-03-23,Chittagong,1188,0
2026-03-23,Comilla,1018,0
2026-03-23,Dhaka,2516,0
2026-03-23,Khulna,1320,0
2026-03-23,Mymensingh,911,0
2026-03-23,Rajshahi,1047,0
2026-03-23,Rangpur,677,0
2026-03-23,Sylhet,405,0
2026-03-24,Barisal,385,0
2026-03-24,Chittagong,1252,0
2026-03-24,Comilla,1166,0
2026-03-24,Dhaka,3016,0
2026-03-24,Khulna,1521,0
2026-03-24,Mymensingh,714,0
2026-03-24,Rajshahi,1210,0
2026-03-24,Rangpur,596,0
2026-03-24,Sylhet,381,0
2026-03-25,Barisal,428,0
2026-03-25,Chittagong,1292,0
2026-03-25,Comilla,1182,0
2026-03-25,Dhaka,2554,0
2026-03-25,Khulna,1697,0
2026-03-25,Mymensingh,891,0
2026-03-25,Rajshahi,1276,0
2026-03-25,Rangpur,770,0
2026-03-25,Sylhet,482,0
2026-03-26,Barisal,403,0
2026-03-26,Chittagong,1381,0
2026-03-26,Comilla,1271,0
2026-03-26,Dhaka,3386,0
2026-03-26,Khulna,1605,0
2026-03-26,Mymensingh,1071,0
2026-03-26,Rajshahi,1371,0
2026-03-26,Rangpur,819,0
2026-03-26,Sylhet,514,0
2026-03-27,Barisal,435,0
2026-03-27,Chittagong,1384,0
2026-03-27,Comilla,1326,0
2026-03-27,Dhaka,3729,0
2026-03-27,Khulna,1708,0
2026-03-27,Mymensingh,948,0
2026-03-27,Rajshahi,1426,0
2026-03-27,Rangpur,803,0
2026-03-27,Sylhet,503,0
2026-03-28,Barisal,398,0
2026-03-28,Chittagong,1329,0
2026-03-28,Comilla,1272,0
2026-03-28,Dhaka,4261,0
2026-03-28,Khulna,1628,0
2026-03-28,Mymensingh,926,0
2026-03-28,Rajshahi,1089,0
2026-03-28,Rangpur,742,0
2026-03-28,Sylhet,420,0
2026-03-29,Barisal,435,0
2026-03-29,Chittagong,1363,0
2026-03-29,Comilla,1329,0
2026-03-29,Dhaka,4674,0
2026-03-29,Khulna,1496,0
2026-03-29,Mymensingh,1056,0
2026-03-29,Rajshahi,1237,0
2026-03-29,Rangpur,774,0
2026-03-29,Sylhet,453,0
2026-03-30,Barisal,432,15
2026-03-30,Chittagong,1457,0
2026-03-30,Comilla,1322,0
2026-03-30,Dhaka,4447,20
2026-03-30,Khulna,1745,30
2026-03-30,Mymensingh,1013,20
2026-03-30,Rajshahi,1198,0
2026-03-30,Rangpur,739,15
2026-03-30,Sylhet,408,0
2026-03-31,Barisal,449,0
2026-03-31,Chittagong,1354,0
2026-03-31,Comilla,1172,8
2026-03-31,Dhaka,5048,0
2026-03-31,Khulna,1695,0
2026-03-31,Mymensingh,1108,31
2026-03-31,Rajshahi,1347,0
2026-03-31,Rangpur,818,0
2026-03-31,Sylhet,447,0
2026-04-01,Barisal,462,0
2026-04-01,Chittagong,1512,0
2026-04-01,Comilla,1490,0
2026-04-01,Dhaka,4662,0
2026-04-01,Khulna,1901,0
2026-04-01,Mymensingh,966,0
2026-04-01,Rajshahi,1402,0
2026-04-01,Rangpur,886,0
2026-04-01,Sylhet,508,0
2026-04-02,Barisal,480,0
2026-04-02,Chittagong,1462,92
2026-04-02,Comilla,1514,15
2026-04-02,Dhaka,5409,24
2026-04-02,Khulna,1780,176
2026-04-02,Mymensingh,1150,43
2026-04-02,Rajshahi,1514,82
2026-04-02,Rangpur,944,80
2026-04-02,Sylhet,547,0
2026-04-03,Barisal,473,0
2026-04-03,Chittagong,1427,35
2026-04-03,Comilla,1505,94
2026-04-03,Dhaka,4987,40
2026-04-03,Khulna,1827,185
2026-04-03,Mymensingh,1176,75
2026-04-03,Rajshahi,1606,85
2026-04-03,Rangpur,865,30
2026-04-03,Sylhet,591,0
2026-04-04,Barisal,457,30
2026-04-04,Chittagong,1555,17
2026-04-04,Comilla,1527,70
2026-04-04,Dhaka,5456,40
2026-04-04,Khulna,1915,160
2026-04-04,Mymensingh,1245,160
2026-04-04,Rajshahi,1576,90
2026-04-04,Rangpur,949,100
2026-04-04,Sylhet,532,60
2026-04-05,Barisal,402,40
2026-04-05,Chittagong,1429,50
2026-04-05,Comilla,1429,90
2026-04-05,Dhaka,5140,137
2026-04-05,Khulna,1691,80
2026-04-05,Mymensingh,1108,170
2026-04-05,Rajshahi,1493,70
2026-04-05,Rangpur,869,40
2026-04-05,Sylhet,468,60
2026-04-06,Barisal,429,60
2026-04-06,Chittagong,1449,50
2026-04-06,Comilla,1434,120
2026-04-06,Dhaka,5237,220
2026-04-06,Khulna,1751,170
2026-04-06,Mymensingh,1121,165
2026-04-06,Rajshahi,1481,70
2026-04-06,Rangpur,896,86
2026-04-06,Sylhet,500,55
2026-04-07,Barisal,244,0
2026-04-07,Chittagong,1293,35
2026-04-07,Comilla,1373,100
2026-04-07,Dhaka,5432,11
2026-04-07,Khulna,1564,0
2026-04-07,Mymensingh,882,85
2026-04-07,Rajshahi,849,0
2026-04-07,Rangpur,955,0
2026-04-07,Sylhet,533,70
2026-04-08,Barisal,414,18
2026-04-08,Chittagong,1468,120
2026-04-08,Comilla,1376,80
2026-04-08,Dhaka,4989,194
2026-04-08,Khulna,1493,35
2026-04-08,Mymensingh,1117,120
2026-04-08,Rajshahi,1369,34
2026-04-08,Rangpur,872,38
2026-04-08,Sylhet,498,72
2026-04-09,Barisal,352,0
2026-04-09,Chittagong,1237,0
2026-04-09,Comilla,1125,0
2026-04-09,Dhaka,4853,0
2026-04-09,Khulna,1444,0
2026-04-09,Mymensingh,1128,140
2026-04-09,Rajshahi,1457,0
2026-04-09,Rangpur,908,0
2026-04-09,Sylhet,494,0
2026-04-10,Barisal,397,0
2026-04-10,Chittagong,1397,0
2026-04-10,Comilla,1241,0
2026-04-10,Dhaka,4389,0
2026-04-10,Khulna,1479,0
2026-04-10,Mymensingh,1001,35
2026-04-10,Rajshahi,1327,0
2026-04-10,Rangpur,757,0
2026-04-10,Sylhet,419,0
2026-04-11,Barisal,431,35
2026-04-11,Chittagong,1508,0
2026-04-11,Comilla,1395,80
2026-04-11,Dhaka,5117,0
2026-04-11,Khulna,1650,100
2026-04-11,Mymensingh,1067,50
2026-04-11,Rajshahi,1431,60
2026-04-11,Rangpur,792,30
2026-04-11,Sylhet,517,51
2026-04-12,Barisal,480,0
2026-04-12,Chittagong,1552,90
2026-04-12,Comilla,1499,114
2026-04-12,Dhaka,5282,155
2026-04-12,Khulna,1757,130
2026-04-12,Mymensingh,1130,168
2026-04-12,Rajshahi,1537,131
2026-04-12,Rangpur,855,72
2026-04-12,Sylhet,531,50
2026-04-13,Barisal,446,72
2026-04-13,Chittagong,1376,80
2026-04-13,Comilla,1436,110
2026-04-13,Dhaka,5507,190
2026-04-13,Khulna,1751,155
2026-04-13,Mymensingh,1123,130
2026-04-13,Rajshahi,1623,110
2026-04-13,Rangpur,872,106
2026-04-13,Sylhet,460,55
2026-04-14,Barisal,454,55
2026-04-14,Chittagong,1473,75
2026-04-14,Comilla,1509,85
2026-04-14,Dhaka,4918,112
2026-04-14,Khulna,1832,124
2026-04-14,Mymensingh,1102,40
2026-04-14,Rajshahi,1626,86
2026-04-14,Rangpur,867,63
2026-04-14,Sylhet,522,48
2026-04-15,Barisal,436,95
2026-04-15,Chittagong,1487,120
2026-04-15,Comilla,1446,210
2026-04-15,Dhaka,5646,360
2026-04-15,Khulna,1804,319
2026-04-15,Mymensingh,1016,80
2026-04-15,Rajshahi,1661,195
2026-04-15,Rangpur,868,78
2026-04-15,Sylhet,479,25
2026-04-16,Barisal,411,0
2026-04-16,Chittagong,1528,35
2026-04-16,Comilla,1511,103
2026-04-16,Dhaka,5564,10
2026-04-16,Khulna,1654,0
2026-04-16,Mymensingh,1042,98
2026-04-16,Rajshahi,1588,145
2026-04-16,Rangpur,891,90
2026-04-16,Sylhet,609,0
2026-04-17,Barisal,440,45
2026-04-17,Chittagong,1474,100
2026-04-17,Comilla,1479,120
2026-04-17,Dhaka,5284,0
2026-04-17,Khulna,1816,210
2026-04-17,Mymensingh,1113,150
2026-04-17,Rajshahi,1592,145
2026-04-17,Rangpur,979,120
2026-04-17,Sylhet,566,50
2026-04-18,Barisal,488,0
2026-04-18,Chittagong,1520,95
2026-04-18,Comilla,1488,110
2026-04-18,Dhaka,5618,0
2026-04-18,Khulna,1899,145
2026-04-18,Mymensingh,1119,100
2026-04-18,Rajshahi,1601,110
2026-04-18,Rangpur,615,53
2026-04-18,Sylhet,610,30
2026-04-19,Barisal,451,48
2026-04-19,Chittagong,1546,92
2026-04-19,Comilla,1575,123
2026-04-19,Dhaka,5872,276
2026-04-19,Khulna,1963,167
2026-04-19,Mymensingh,1135,156
2026-04-19,Rajshahi,1667,124
2026-04-19,Rangpur,883,76
2026-04-19,Sylhet,558,85
2026-04-20,Barisal,480,77
2026-04-20,Chittagong,1546,50
2026-04-20,Comilla,1527,206
2026-04-20,Dhaka,5829,113
2026-04-20,Khulna,1909,257
2026-04-20,Mymensingh,1222,213
2026-04-20,Rajshahi,1795,86
2026-04-20,Rangpur,936,118
2026-04-20,Sylhet,573,76
2026-04-21,Barisal,491,83
2026-04-21,Chittagong,1495,161
2026-04-21,Comilla,1602,210
2026-04-21,Dhaka,5890,390
2026-04-21,Khulna,1920,220
2026-04-21,Mymensingh,1254,293
2026-04-21,Rajshahi,1765,223
2026-04-21,Rangpur,952,155
2026-04-21,Sylhet,555,105
2026-04-22,Barisal,468,60
2026-04-22,Chittagong,1588,250
2026-04-22,Comilla,1575,220
2026-04-22,Dhaka,6017,450
2026-04-22,Khulna,1977,380
2026-04-22,Mymensingh,1070,180
2026-04-22,Rajshahi,1808,280
2026-04-22,Rangpur,1002,166
2026-04-22,Sylhet,576,100
2026-04-23,Barisal,523,110
2026-04-23,Chittagong,1484,220
2026-04-23,Comilla,1576,250
2026-04-23,Dhaka,5871,390
2026-04-23,Khulna,2018,335
2026-04-23,Mymensingh,1278,260
2026-04-23,Rajshahi,1752,240
2026-04-23,Rangpur,1010,160
2026-04-23,Sylhet,551,0
2026-04-24,Barisal,449,50
2026-04-24,Chittagong,1443,180
2026-04-24,Comilla,1599,240
2026-04-24,Dhaka,5440,348
2026-04-24,Khulna,1920,320
2026-04-24,Mymensingh,1265,260
2026-04-24,Rajshahi,1694,180
2026-04-24,Rangpur,1006,160
2026-04-24,Sylhet,580,80
2026-04-25,Barisal,523,110
2026-04-25,Chittagong,1484,220
2026-04-25,Comilla,1576,250
2026-04-25,Dhaka,5871,390
2026-04-25,Khulna,2018,335
2026-04-25,Mymensingh,1278,260
2026-04-25,Rajshahi,1752,240
2026-04-25,Rangpur,1010,160
2026-04-25,Sylhet,551,0
2026-04-26,Barisal,448,0
2026-04-26,Chittagong,1094,0
2026-04-26,Comilla,466,0
2026-04-26,Dhaka,4599,0
2026-04-26,Khulna,1661,0
2026-04-26,Mymensingh,807,0
2026-04-26,Rajshahi,1182,0
2026-04-26,Rangpur,638,0
2026-04-26,Sylhet,251,0
2026-04-27,Barisal,457,0
2026-04-27,Chittagong,1398,0
2026-04-27,Comilla,1141,0
2026-04-27,Dhaka,4867,0
2026-04-27,Khulna,1831,0
2026-04-27,Mymensingh,775,0
2026-04-27,Rajshahi,1166,0
2026-04-27,Rangpur,674,0
2026-04-27,Sylhet,228,0
2026-04-28,Barisal,171,0
2026-04-28,Chittagong,944,0
2026-04-28,Comilla,859,0
2026-04-28,Dhaka,4746,0
2026-04-28,Khulna,1459,0
2026-04-28,Mymensingh,901,0
2026-04-28,Rajshahi,1231,0
2026-04-28,Rangpur,747,0
2026-04-28,Sylhet,365,0
2026-04-30,Barisal,361,0
2026-04-30,Chittagong,1374,0
2026-04-30,Comilla,1055,0
2026-04-30,Dhaka,4721,0
2026-04-30,Khulna,1587,0
2026-04-30,Mymensingh,950,0
2026-04-30,Rajshahi,1238,0
2026-04-30,Rangpur,772,0
2026-04-30,Sylhet,429,0
2026-05-01,Barisal,376,0
2026-05-01,Chittagong,998,0
2026-05-01,Comilla,1027,0
2026-05-01,Dhaka,3577,0
2026-05-01,Khulna,1415,0
2026-05-01,Mymensingh,896,0
2026-05-01,Rajshahi,1059,0
2026-05-01,Rangpur,678,0
2026-05-01,Sylhet,374,0
2026-05-02,Barisal,186,0
2026-05-02,Chittagong,921,0
2026-05-02,Comilla,930,0
2026-05-02,Dhaka,4480,0
2026-05-02,Khulna,1256,0
2026-05-02,Mymensingh,864,0
2026-05-02,Rajshahi,1196,0
2026-05-02,Rangpur,691,0
2026-05-02,Sylhet,382,0
2026-05-03,Barisal,340,0
2026-05-03,Chittagong,1301,0
2026-05-03,Comilla,1012,0
2026-05-03,Dhaka,4943,0
2026-05-03,Khulna,1601,0
2026-05-03,Mymensingh,1013,0
2026-05-03,Rajshahi,1371,0
2026-05-03,Rangpur,799,0
2026-05-03,Sylhet,447,0
2026-05-04,Barisal,346,0
2026-05-04,Chittagong,1469,0
2026-05-04,Comilla,1185,0
2026-05-04,Dhaka,5055,0
2026-05-04,Khulna,1552,0
2026-05-04,Mymensingh,1015,0
2026-05-04,Rajshahi,1414,0
2026-05-04,Rangpur,904,0
2026-05-04,Sylhet,457,0
2026-05-05,Barisal,437,0
2026-05-05,Chittagong,1497,0
2026-05-05,Comilla,1187,0
2026-05-05,Dhaka,5118,15
2026-05-05,Khulna,1774,0
2026-05-05,Mymensingh,1143,109
2026-05-05,Rajshahi,1446,0
2026-05-05,Rangpur,950,0
2026-05-05,Sylhet,565,0
2026-05-06,Barisal,419,0
2026-05-06,Chittagong,1540,0
2026-05-06,Comilla,877,0
2026-05-06,Dhaka,4457,0
2026-05-06,Khulna,1425,0
2026-05-06,Mymensingh,797,0
2026-05-06,Rajshahi,1091,0
2026-05-06,Rangpur,696,0
2026-05-06,Sylhet,341,0
2026-05-07,Barisal,406,0
2026-05-07,Chittagong,1440,10
2026-05-07,Comilla,1325,0
2026-05-07,Dhaka,5382,40
2026-05-07,Khulna,1586,20
2026-05-07,Mymensingh,1077,105
2026-05-07,Rajshahi,1397,0
2026-05-07,Rangpur,964,0
2026-05-07,Sylhet,571,0
2026-05-08,Barisal,425,0
2026-05-08,Chittagong,1421,0
2026-05-08,Comilla,1434,0
2026-05-08,Dhaka,4886,0
2026-05-08,Khulna,1644,0
2026-05-08,Mymensingh,1013,0
2026-05-08,Rajshahi,1334,0
2026-05-08,Rangpur,738,0
2026-05-08,Sylhet,600,0
2026-05-09,Barisal,474,0
2026-05-09,Chittagong,1496,0
2026-05-09,Comilla,1471,0
2026-05-09,Dhaka,5672,0
2026-05-09,Khulna,1584,0
2026-05-09,Mymensingh,1132,121
2026-05-09,Rajshahi,1490,0
2026-05-09,Rangpur,944,0
2026-05-09,Sylhet,619,0
2026-05-10,Barisal,433,0
2026-05-10,Chittagong,1525,0
2026-05-10,Comilla,1204,0
2026-05-10,Dhaka,5233,0
2026-05-10,Khulna,1646,0
2026-05-10,Mymensingh,955,45
2026-05-10,Rajshahi,1358,0
2026-05-10,Rangpur,942,0
2026-05-10,Sylhet,475,0
2026-05-11,Barisal,430,0
2026-05-11,Chittagong,1462,16
2026-05-11,Comilla,1300,0
2026-05-11,Dhaka,5233,9
2026-05-11,Khulna,1729,0
2026-05-11,Mymensingh,1002,108
2026-05-11,Rajshahi,1515,0
2026-05-11,Rangpur,1003,0
2026-05-11,Sylhet,537,0
2026-05-12,Barisal,475,0
2026-05-12,Chittagong,1592,45
2026-05-12,Comilla,1457,0
2026-05-12,Dhaka,5693,18
2026-05-12,Khulna,1904,20
2026-05-12,Mymensingh,1158,140
2026-05-12,Rajshahi,1562,0
2026-05-12,Rangpur,972,0
2026-05-12,Sylhet,630,0
2026-05-13,Barisal,391,0
2026-05-13,Chittagong,1499,78
2026-05-13,Comilla,1390,0
2026-05-13,Dhaka,5279,20
2026-05-13,Khulna,1261,0
2026-05-13,Mymensingh,954,46
2026-05-13,Rajshahi,1258,0
2026-05-13,Rangpur,868,0
2026-05-13,Sylhet,482,0
2026-05-14,Barisal,479,0
2026-05-14,Chittagong,1565,75
2026-05-14,Comilla,1378,0
2026-05-14,Dhaka,5804,5
2026-05-14,Khulna,1843,17
2026-05-14,Mymensingh,1137,90
2026-05-14,Rajshahi,1491,0
2026-05-14,Rangpur,973,0
2026-05-14,Sylhet,516,0
2026-05-15,Barisal,494,0
2026-05-15,Chittagong,1472,0
2026-05-15,Comilla,1382,0
2026-05-15,Dhaka,5123,0
2026-05-15,Khulna,1882,0
2026-05-15,Mymensingh,1002,53
2026-05-15,Rajshahi,1451,0
2026-05-15,Rangpur,893,0
2026-05-15,Sylhet,488,0
2026-05-16,Barisal,520,0
2026-05-16,Chittagong,1566,29
2026-05-16,Comilla,1542,0
2026-05-16,Dhaka,6070,0
2026-05-16,Khulna,2030,30
2026-05-16,Mymensingh,1124,140
2026-05-16,Rajshahi,1705,0
2026-05-16,Rangpur,974,0
2026-05-16,Sylhet,581,0
2026-05-17,Barisal,522,0
2026-05-17,Chittagong,1588,60
2026-05-17,Comilla,1556,0
2026-05-17,Dhaka,5883,20
2026-05-17,Khulna,2032,55
2026-05-17,Mymensingh,1122,132
2026-05-17,Rajshahi,1644,0
2026-05-17,Rangpur,861,0
2026-05-17,Sylhet,624,0
2026-05-18,Barisal,511,0
2026-05-18,Chittagong,1512,100
2026-05-18,Comilla,1455,0
2026-05-18,Dhaka,5951,30
2026-05-18,Khulna,1022,0
2026-05-18,Mymensingh,1128,161
2026-05-18,Rajshahi,1392,0
2026-05-18,Rangpur,909,0
2026-05-18,Sylhet,573,0
2026-05-19,Barisal,520,0
2026-05-19,Chittagong,1626,10
2026-05-19,Comilla,1569,16
2026-05-19,Dhaka,6132,33
2026-05-19,Khulna,2011,49
2026-05-19,Mymensingh,1203,197
2026-05-19,Rajshahi,1716,0
2026-05-19,Rangpur,1066,0
2026-05-19,Sylhet,629,0
2026-05-20,Barisal,533,0
2026-05-20,Chittagong,1682,0
2026-05-20,Comilla,1661,40
2026-05-20,Dhaka,6283,70
2026-05-20,Khulna,2120,62
2026-05-20,Mymensingh,1214,220
2026-05-20,Rajshahi,1821,0
2026-05-20,Rangpur,1137,0
2026-05-20,Sylhet,678,0
2026-05-21,Barisal,539,0
2026-05-21,Chittagong,1603,14
2026-05-21,Comilla,1777,106
2026-05-21,Dhaka,6199,136
2026-05-21,Khulna,2152,70
2026-05-21,Mymensingh,1346,304
2026-05-21,Rajshahi,1591,0
2026-05-21,Rangpur,837,0
2026-05-21,Sylhet,669,44
2026-05-22,Barisal,487,0
2026-05-22,Chittagong,1630,13
2026-05-22,Comilla,1616,29
2026-05-22,Dhaka,5344,53
2026-05-22,Khulna,2051,37
2026-05-22,Mymensingh,1262,167
2026-05-22,Rajshahi,1545,0
2026-05-22,Rangpur,963,0
2026-05-22,Sylhet,618,0
2026-05-23,Barisal,535,6
2026-05-23,Chittagong,1632,37
2026-05-23,Comilla,1612,27
2026-05-23,Dhaka,6319,213
2026-05-23,Khulna,1780,6
2026-05-23,Mymensingh,1263,200
2026-05-23,Rajshahi,1682,0
2026-05-23,Rangpur,990,0
2026-05-23,Sylhet,531,0
2026-05-24,Barisal,562,0
2026-05-24,Chittagong,1520,0
2026-05-24,Comilla,1370,21
2026-05-24,Dhaka,5013,68
2026-05-24,Khulna,1712,0
2026-05-24,Mymensingh,1175,102
2026-05-24,Rajshahi,1476,0
2026-05-24,Rangpur,927,0
2026-05-24,Sylhet,545,0
2026-05-25,Barisal,520,0
2026-05-25,Chittagong,1348,0
2026-05-25,Comilla,1198,0
2026-05-25,Dhaka,4403,0
2026-05-25,Khulna,1945,27
2026-05-25,Mymensingh,956,0
2026-05-25,Rajshahi,1436,0
2026-05-25,Rangpur,860,0
2026-05-25,Sylhet,463,0
2026-05-26,Barisal,330,0
2026-05-26,Chittagong,1189,5
2026-05-26,Comilla,1073,0
2026-05-26,Dhaka,3336,0
2026-05-26,Khulna,1491,0
2026-05-26,Mymensingh,908,0
2026-05-26,Rajshahi,1258,0
2026-05-26,Rangpur,874,0
2026-05-26,Sylhet,449,0
2026-05-27,Barisal,305,0
2026-05-27,Chittagong,872,0
2026-05-27,Comilla,946,0
2026-05-27,Dhaka,2821,0
2026-05-27,Khulna,1309,0
2026-05-27,Mymensingh,878,0
2026-05-27,Rajshahi,1186,0
2026-05-27,Rangpur,867,0
2026-05-27,Sylhet,431,0
2026-05-28,Barisal,474,0
2026-05-28,Chittagong,1149,0
2026-05-28,Comilla,1522,14
2026-05-28,Dhaka,3346,0
2026-05-28,Khulna,1492,0
2026-05-28,Mymensingh,1046,0
2026-05-28,Rajshahi,1460,0
2026-05-28,Rangpur,885,0
2026-05-28,Sylhet,555,0
2026-05-29,Barisal,250,0
2026-05-29,Chittagong,1312,0
2026-05-29,Comilla,1281,0
2026-05-29,Dhaka,3199,0
2026-05-29,Khulna,1011,0
2026-05-29,Mymensingh,952,0
2026-05-29,Rajshahi,1040,0
2026-05-29,Rangpur,818,0
2026-05-29,Sylhet,615,0
2026-05-30,Barisal,496,0
2026-05-30,Chittagong,1446,0
2026-05-30,Comilla,1557,12
2026-05-30,Dhaka,3540,0
2026-05-30,Khulna,1799,0
2026-05-30,Mymensingh,1215,0
2026-05-30,Rajshahi,1501,0
2026-05-30,Rangpur,997,0
2026-05-30,Sylhet,612,0
2026-05-31,Barisal,529,0
2026-05-31,Chittagong,1342,0
2026-05-31,Comilla,1569,3
2026-05-31,Dhaka,3795,0
2026-05-31,Khulna,1948,0
2026-05-31,Mymensingh,1289,33
2026-05-31,Rajshahi,1609,0
2026-05-31,Rangpur,1031,0
2026-05-31,Sylhet,680,11
2026-06-01,Barisal,568,0
2026-06-01,Chittagong,1384,0
2026-06-01,Comilla,1628,16
2026-06-01,Dhaka,4333,0
2026-06-01,Khulna,2110,0
2026-06-01,Mymensingh,1318,121
2026-06-01,Rajshahi,1721,0
2026-06-01,Rangpur,1046,0
2026-06-01,Sylhet,684,9
2026-06-03,Barisal,557,3
2026-06-03,Chittagong,1530,5
2026-06-03,Comilla,1679,15
2026-06-03,Dhaka,5082,13
2026-06-03,Khulna,2156,0
2026-06-03,Mymensingh,1434,355
2026-06-03,Rajshahi,1540,0
2026-06-03,Rangpur,1068,0
2026-06-03,Sylhet,699,10
2026-06-04,Barisal,568,4
2026-06-04,Chittagong,1591,9
2026-06-04,Comilla,1640,16
2026-06-04,Dhaka,5087,12
2026-06-04,Khulna,1645,0
2026-06-04,Mymensingh,1378,308
2026-06-04,Rajshahi,1385,0
2026-06-04,Rangpur,803,0
2026-06-04,Sylhet,637,10
2026-06-05,Barisal,486,0
2026-06-05,Chittagong,1496,10
2026-06-05,Comilla,1439,0
2026-06-05,Dhaka,4435,12
2026-06-05,Khulna,1881,0
2026-06-05,Mymensingh,1321,247
2026-06-05,Rajshahi,1590,0
2026-06-05,Rangpur,1038,0
2026-06-05,Sylhet,622,0
2026-06-06,Barisal,512,0
2026-06-06,Chittagong,1587,7
2026-06-06,Comilla,1580,2
2026-06-06,Dhaka,4908,19
2026-06-06,Khulna,1731,0
2026-06-06,Mymensingh,1403,340
2026-06-06,Rajshahi,1516,0
2026-06-06,Rangpur,1089,0
2026-06-06,Sylhet,703,10
2026-06-07,Barisal,499,0
2026-06-07,Chittagong,1562,8
2026-06-07,Comilla,1600,8
2026-06-07,Dhaka,5517,130
2026-06-07,Khulna,1797,0
2026-06-07,Mymensingh,1298,231
2026-06-07,Rajshahi,1584,0
2026-06-07,Rangpur,1146,15
2026-06-07,Sylhet,519,17
2026-06-08,Barisal,476,0
2026-06-08,Chittagong,1505,8
2026-06-08,Comilla,1546,0
2026-06-08,Dhaka,6006,150
2026-06-08,Khulna,1760,0
2026-06-08,Mymensingh,1506,476
2026-06-08,Rajshahi,1674,0
2026-06-08,Rangpur,848,15
2026-06-08,Sylhet,611,0
2026-06-09,Barisal,351,0
2026-06-09,Chittagong,1520,0
2026-06-09,Comilla,1131,0
2026-06-09,Dhaka,5444,0
2026-06-09,Khulna,1487,0
2026-06-09,Mymensingh,1253,179
2026-06-09,Rajshahi,1485,0
2026-06-09,Rangpur,1013,0
2026-06-09,Sylhet,533,0
2026-06-10,Barisal,465,0
2026-06-10,Chittagong,1498,0
2026-06-10,Comilla,1458,0
2026-06-10,Dhaka,5411,9
2026-06-10,Khulna,1678,0
2026-06-10,Mymensingh,1253,173
2026-06-10,Rajshahi,1468,0
2026-06-10,Rangpur,1002,0
2026-06-10,Sylhet,556,0
2026-06-11,Barisal,500,0
2026-06-11,Chittagong,1491,0
2026-06-11,Comilla,1550,0
2026-06-11,Dhaka,5535,172
2026-06-11,Khulna,1587,0
2026-06-11,Mymensingh,1305,295
2026-06-11,Rajshahi,1391,0
2026-06-11,Rangpur,937,0
2026-06-11,Sylhet,653,0
2026-06-12,Barisal,512,0
2026-06-12,Chittagong,1371,0
2026-06-12,Comilla,1382,0
2026-06-12,Dhaka,5022,3
2026-06-12,Khulna,1907,33
2026-06-12,Mymensingh,1319,347
2026-06-12,Rajshahi,1558,0
2026-06-12,Rangpur,1009,16
2026-06-12,Sylhet,631,0
2026-06-13,Barisal,560,130
2026-06-13,Chittagong,1475,23
2026-06-13,Comilla,1580,197
2026-06-13,Dhaka,5635,220
2026-06-13,Khulna,2020,280
2026-06-13,Mymensingh,1318,269
2026-06-13,Rajshahi,1553,124
2026-06-13,Rangpur,1116,171
2026-06-13,Sylhet,690,102
2026-06-14,Barisal,507,34
2026-06-14,Chittagong,1462,83
2026-06-14,Comilla,1601,201
2026-06-14,Dhaka,5868,403
2026-06-14,Khulna,2123,297
2026-06-14,Mymensingh,1409,310
2026-06-14,Rajshahi,1819,361
2026-06-14,Rangpur,1098,247
2026-06-14,Sylhet,669,114
2026-06-15,Barisal,515,93
2026-06-15,Chittagong,1580,120
2026-06-15,Comilla,1613,245
2026-06-15,Dhaka,5797,250
2026-06-15,Khulna,2016,210
2026-06-15,Mymensingh,1408,314
2026-06-15,Rajshahi,1602,209
2026-06-15,Rangpur,1118,181
2026-06-15,Sylhet,652,81
2026-06-16,Barisal,583,142
2026-06-16,Chittagong,1583,186
2026-06-16,Comilla,1718,398
2026-06-16,Dhaka,5839,439
2026-06-16,Khulna,2077,464
2026-06-16,Mymensingh,1485,448
2026-06-16,Rajshahi,1687,360
2026-06-16,Rangpur,1172,306
2026-06-16,Sylhet,643,103
2026-06-17,Barisal,553,97
2026-06-17,Chittagong,1629,129
2026-06-17,Comilla,1504,214
2026-06-17,Dhaka,5928,112
2026-06-17,Khulna,2216,475
2026-06-17,Mymensingh,1373,316
2026-06-17,Rajshahi,1706,229
2026-06-17,Rangpur,1186,195
2026-06-17,Sylhet,594,20
2026-06-18,Barisal,459,0
2026-06-18,Chittagong,1560,0
2026-06-18,Comilla,1420,37
2026-06-18,Dhaka,5451,0
2026-06-18,Khulna,1384,0
2026-06-18,Mymensingh,1141,29
2026-06-18,Rajshahi,1391,0
2026-06-18,Rangpur,1011,0
2026-06-18,Sylhet,566,0
2026-06-19,Barisal,497,0
2026-06-19,Chittagong,1434,0
2026-06-19,Comilla,1440,0
2026-06-19,Dhaka,5107,0
2026-06-19,Khulna,1718,0
2026-06-19,Mymensingh,1254,95
2026-06-19,Rajshahi,1549,0
2026-06-19,Rangpur,954,0
2026-06-19,Sylhet,587,0
2026-06-20,Barisal,548,9
2026-06-20,Chittagong,1634,86
2026-06-20,Comilla,1711,325
2026-06-20,Dhaka,6036,192
2026-06-20,Khulna,2127,401
2026-06-20,Mymensingh,1423,322
2026-06-20,Rajshahi,1796,322
2026-06-20,Rangpur,1126,223
2026-06-20,Sylhet,677,2
2026-06-21,Barisal,502,0
2026-06-21,Chittagong,1491,0
2026-06-21,Comilla,1308,0
2026-06-21,Dhaka,5376,0
2026-06-21,Khulna,1792,34
2026-06-21,Mymensingh,1046,0
2026-06-21,Rajshahi,1476,10
2026-06-21,Rangpur,970,0
2026-06-21,Sylhet,540,0
2026-06-22,Barisal,528,0
2026-06-22,Chittagong,1526,0
2026-06-22,Comilla,1579,110
2026-06-22,Dhaka,5861,88
2026-06-22,Khulna,1897,31
2026-06-22,Mymensingh,1380,241
2026-06-22,Rajshahi,1641,0
2026-06-22,Rangpur,1002,26
2026-06-22,Sylhet,627,0
2026-06-23,Barisal,582,116
2026-06-23,Chittagong,1536,129
2026-06-23,Comilla,1632,229
2026-06-23,Dhaka,6049,290
2026-06-23,Khulna,2123,380
2026-06-23,Mymensingh,1441,359
2026-06-23,Rajshahi,1727,210
2026-06-23,Rangpur,1072,156
2026-06-23,Sylhet,714,128
2026-06-24,Barisal,547,85
2026-06-24,Chittagong,1522,31
2026-06-24,Comilla,1742,342
2026-06-24,Dhaka,6082,219
2026-06-24,Khulna,2009,349
2026-06-24,Mymensingh,1407,449
2026-06-24,Rajshahi,1752,58
2026-06-24,Rangpur,1125,205
2026-06-24,Sylhet,713,47
2026-06-25,Barisal,488,0
2026-06-25,Chittagong,1469,0
2026-06-25,Comilla,1666,111
2026-06-25,Dhaka,5959,124
2026-06-25,Khulna,1788,0
2026-06-25,Mymensingh,1434,282
2026-06-25,Rajshahi,1606,0
2026-06-25,Rangpur,1063,0
2026-06-25,Sylhet,654,19
2026-06-26,Barisal,518,0
2026-06-26,Chittagong,1428,0
2026-06-26,Comilla,1571,30
2026-06-26,Dhaka,5521,77
2026-06-26,Khulna,1950,77
2026-06-26,Mymensingh,1441,468
2026-06-26,Rajshahi,1658,15
2026-06-26,Rangpur,1053,0
2026-06-26,Sylhet,644,0
2026-06-28,Barisal,593,133
2026-06-28,Chittagong,1562,122
2026-06-28,Comilla,1748,257
2026-06-28,Dhaka,6205,385
2026-06-28,Khulna,2105,298
2026-06-28,Mymensingh,1513,420
2026-06-28,Rajshahi,1925,288
2026-06-28,Rangpur,1108,102
2026-06-28,Sylhet,827,211
2026-06-29,Barisal,491,0
2026-06-29,Chittagong,1484,0
2026-06-29,Comilla,1541,48
2026-06-29,Dhaka,5991,30
2026-06-29,Khulna,1856,0
2026-06-29,Mymensingh,1217,93
2026-06-29,Rajshahi,1514,0
2026-06-29,Rangpur,975,0
2026-06-29,Sylhet,672,96
2026-06-30,Barisal,467,3
2026-06-30,Chittagong,1518,0
2026-06-30,Comilla,1557,96
2026-06-30,Dhaka,5962,77
2026-06-30,Khulna,1917,51
2026-06-30,Mymensingh,1378,308
2026-06-30,Rajshahi,1641,0
2026-06-30,Rangpur,1052,0
2026-06-30,Sylhet,679,14
2026-07-01,Barisal,512,0
2026-07-01,Chittagong,1624,0
2026-07-01,Comilla,1562,20
2026-07-01,Dhaka,5853,54
2026-07-01,Khulna,1878,0
2026-07-01,Mymensingh,1495,416
2026-07-01,Rajshahi,1574,0
2026-07-01,Rangpur,111,0
2026-07-01,Sylhet,716,0
2026-07-02,Barisal,526,0
2026-07-02,Chittagong,1579,0
2026-07-02,Comilla,1585,14
2026-07-02,Dhaka,5836,67
2026-07-02,Khulna,1987,99
2026-07-02,Mymensingh,1489,280
2026-07-02,Rajshahi,1685,0
2026-07-02,Rangpur,1148,0
2026-07-02,Sylhet,719,34
2026-07-03,Barisal,507,0
2026-07-03,Chittagong,1543,0
2026-07-03,Comilla,1588,0
2026-07-03,Dhaka,5476,45
2026-07-03,Khulna,1914,0
2026-07-03,Mymensingh,1427,215
2026-07-03,Rajshahi,1666,0
2026-07-03,Rangpur,1124,0
2026-07-03,Sylhet,752,21
2026-07-04,Barisal,501,3
2026-07-04,Chittagong,1470,0
2026-07-04,Comilla,1291,23
2026-07-04,Dhaka,5824,208
2026-07-04,Khulna,1994,48
2026-07-04,Mymensingh,1501,342
2026-07-04,Rajshahi,1704,2
2026-07-04,Rangpur,1218,73
2026-07-04,Sylhet,611,19
2026-07-05,Barisal,447,0
2026-07-05,Chittagong,1385,0
2026-07-05,Comilla,1462,0
2026-07-05,Dhaka,5660,65
2026-07-05,Khulna,1833,25
2026-07-05,Mymensingh,1396,206
2026-07-05,Rajshahi,1598,0
2026-07-05,Rangpur,1109,0
2026-07-05,Sylhet,679,0
2026-07-06,Barisal,465,0
2026-07-06,Chittagong,1318,0
2026-07-06,Comilla,1389,29
2026-07-06,Dhaka,5769,59
2026-07-06,Khulna,1798,0
2026-07-06,Mymensingh,1266,111
2026-07-06,Rajshahi,1517,0
2026-07-06,Rangpur,1114,0
2026-07-06,Sylhet,668,0
2026-07-07,Barisal,442,0
2026-07-07,Chittagong,1170,0
2026-07-07,Comilla,1414,18
2026-07-07,Dhaka,5618,32
2026-07-07,Khulna,1900,0
2026-07-07,Mymensingh,1231,82
2026-07-07,Rajshahi,1578,0
2026-07-07,Rangpur,959,0
2026-07-07,Sylhet,641,0
2026-07-08,Barisal,438,0
2026-07-08,Chittagong,1061,0
2026-07-08,Comilla,1474,93
2026-07-08,Dhaka,5738,40
2026-07-08,Khulna,1898,0
2026-07-08,Mymensingh,1315,174
2026-07-08,Rajshahi,1564,0
2026-07-08,Rangpur,1031,0
2026-07-08,Sylhet,635,38
2026-07-09,Barisal,444,0
2026-07-09,Chittagong,1210,12
2026-07-09,Comilla,1467,20
2026-07-09,Dhaka,5604,51
2026-07-09,Khulna,1867,0
2026-07-09,Mymensingh,1317,191
2026-07-09,Rajshahi,1526,0
2026-07-09,Rangpur,1044,0
2026-07-09,Sylhet,627,0
2026-07-10,Barisal,478,0
2026-07-10,Chittagong,1292,0
2026-07-10,Comilla,1390,0
2026-07-10,Dhaka,4943,14
2026-07-10,Khulna,1662,0
2026-07-10,Mymensingh,1232,16
2026-07-10,Rajshahi,1521,0
2026-07-10,Rangpur,954,0
2026-07-10,Sylhet,604,0
2026-07-11,Barisal,484,0
2026-07-11,Chittagong,1432,0
2026-07-11,Comilla,1379,0
2026-07-11,Dhaka,5432,81
2026-07-11,Khulna,1762,0
2026-07-11,Mymensingh,1283,49
2026-07-11,Rajshahi,1500,0
2026-07-11,Rangpur,1099,0
2026-07-11,Sylhet,627,0
2026-07-12,Barisal,505,0
2026-07-12,Chittagong,1368,0
2026-07-12,Comilla,1443,0
2026-07-12,Dhaka,5493,0
2026-07-12,Khulna,1883,8
2026-07-12,Mymensingh,1282,180
2026-07-12,Rajshahi,1511,0
2026-07-12,Rangpur,1089,0
2026-07-12,Sylhet,644,0
2026-07-13,Barisal,487,0
2026-07-13,Chittagong,1368,0
2026-07-13,Comilla,1481,0
2026-07-13,Dhaka,5520,4
2026-07-13,Khulna,1772,0
2026-07-13,Mymensingh,1194,45
2026-07-13,Rajshahi,1493,0
2026-07-13,Rangpur,1065,0
2026-07-13,Sylhet,698,0
2026-07-14,Barisal,510,0
2026-07-14,Chittagong,1552,0
2026-07-14,Comilla,1548,0
2026-07-14,Dhaka,5895,198
2026-07-14,Khulna,2027,134
2026-07-14,Mymensingh,1451,259
2026-07-14,Rajshahi,1672,10
2026-07-14,Rangpur,1109,0
2026-07-14,Sylhet,717,78
2026-07-15,Barisal,486,0
2026-07-15,Chittagong,1547,83
2026-07-15,Comilla,1561,118
2026-07-15,Dhaka,5852,219
2026-07-15,Khulna,1974,218
2026-07-15,Mymensingh,1449,259
2026-07-15,Rajshahi,1712,58
2026-07-15,Rangpur,1164,53
2026-07-15,Sylhet,731,98
2026-07-16,Barisal,502,0
2026-07-16,Chittagong,1456,0
2026-07-16,Comilla,1548,42
2026-07-16,Dhaka,5788,40
2026-07-16,Khulna,1930,92
2026-07-16,Mymensingh,1433,313
2026-07-16,Rajshahi,1674,0
2026-07-16,Rangpur,1132,28
2026-07-16,Sylhet,682,0
2026-07-17,Barisal,477,0
2026-07-17,Chittagong,1403,0
2026-07-17,Comilla,1402,0
2026-07-17,Dhaka,5064,0
2026-07-17,Khulna,1828,0
2026-07-17,Mymensingh,1243,32
2026-07-17,Rajshahi,1557,0
2026-07-17,Rangpur,1074,0
2026-07-17,Sylhet,636,0
2026-07-18,Barisal,505,0
2026-07-18,Chittagong,1371,0
2026-07-18,Comilla,1498,20
2026-07-18,Dhaka,5732,15
2026-07-18,Khulna,1906,52
2026-07-18,Mymensingh,1438,428
2026-07-18,Rajshahi,1606,0
2026-07-18,Rangpur,1024,0
2026-07-18,Sylhet,638,0
2026-07-19,Barisal,493,0
2026-07-19,Chittagong,1498,0
2026-07-19,Comilla,1335,24
2026-07-19,Dhaka,5831,159
2026-07-19,Khulna,1891,0
2026-07-19,Mymensingh,1403,257
2026-07-19,Rajshahi,1540,0
2026-07-19,Rangpur,1107,0
2026-07-19,Sylhet,626,0
2026-07-20,Barisal,451,0
2026-07-20,Chittagong,1572,0
2026-07-20,Comilla,1422,26
2026-07-20,Dhaka,5526,7
2026-07-20,Khulna,1770,0
2026-07-20,Mymensingh,1294,138
2026-07-20,Rajshahi,1467,0
2026-07-20,Rangpur,1011,0
2026-07-20,Sylhet,569,0
2026-07-21,Barisal,479,0
2026-07-21,Chittagong,1523,0
2026-07-21,Comilla,1486,31
2026-07-21,Dhaka,5648,25
2026-07-21,Khulna,1776,0
2026-07-21,Mymensingh,1355,285
2026-07-21,Rajshahi,1515,0
2026-07-21,Rangpur,1088,0
2026-07-21,Sylhet,575,0
2026-07-22,Barisal,454,0
2026-07-22,Chittagong,1400,0
2026-07-22,Comilla,1409,0
2026-07-22,Dhaka,5564,63
2026-07-22,Khulna,1680,0
2026-07-22,Mymensingh,1308,155
2026-07-22,Rajshahi,1504,0
2026-07-22,Rangpur,996,0
2026-07-22,Sylhet,683,0
2026-07-23,Barisal,460,0
2026-07-23,Chittagong,1496,0
2026-07-23,Comilla,1424,22
2026-07-23,Dhaka,5647,64
2026-07-23,Khulna,1723,0
2026-07-23,Mymensingh,1247,89
2026-07-23,Rajshahi,1412,0
2026-07-23,Rangpur,1081,0
2026-07-23,Sylhet,657,38
2026-07-24,Barisal,451,0
2026-07-24,Chittagong,1309,0
2026-07-24,Comilla,1327,0
2026-07-24,Dhaka,4891,0
2026-07-24,Khulna,1656,0
2026-07-24,Mymensingh,1311,142
2026-07-24,Rajshahi,1458,0
2026-07-24,Rangpur,952,0
2026-07-24,Sylhet,705,80
2026-07-25,Barisal,464,2
2026-07-25,Chittagong,1595,0
2026-07-25,Comilla,1428,8
2026-07-25,Dhaka,5705,161
2026-07-25,Khulna,1869,101
2026-07-25,Mymensingh,1483,353
2026-07-25,Rajshahi,1617,0
2026-07-25,Rangpur,1144,37
2026-07-25,Sylhet,768,207
2026-07-26,Barisal,479,0
2026-07-26,Chittagong,1438,0
2026-07-26,Comilla,1448,18
2026-07-26,Dhaka,5951,286
2026-07-26,Khulna,1946,99
2026-07-26,Mymensingh,1668,648
2026-07-26,Rajshahi,1683,0
2026-07-26,Rangpur,1152,0
2026-07-26,Sylhet,724,84
2026-07-27,Barisal,466,0
2026-07-27,Chittagong,1519,0
2026-07-27,Comilla,1433,0
2026-07-27,Dhaka,5880,227
2026-07-27,Khulna,1874,0
2026-07-27,Mymensingh,1509,446
2026-07-27,Rajshahi,1607,0
2026-07-27,Rangpur,1149,0
2026-07-27,Sylhet,779,109
2026-07-28,Barisal,469,32
2026-07-28,Chittagong,1526,116
2026-07-28,Comilla,1519,133
2026-07-28,Dhaka,5802,120
2026-07-28,Khulna,1986,174
2026-07-28,Mymensingh,1524,411
2026-07-28,Rajshahi,1688,146
2026-07-28,Rangpur,1159,70
2026-07-28,Sylhet,829,235
2026-07-29,Barisal,510,113
2026-07-29,Chittagong,1507,195
2026-07-29,Comilla,1577,307
2026-07-29,Dhaka,5940,436
2026-07-29,Khulna,1934,266
2026-07-29,Mymensingh,1490,402
2026-07-29,Rajshahi,1704,216
2026-07-29,Rangpur,1155,188
2026-07-29,Sylhet,752,212
2026-07-30,Barisal,468,45
2026-07-30,Chittagong,1545,66
2026-07-30,Comilla,1585,201
2026-07-30,Dhaka,5827,234
2026-07-30,Khulna,1914,249
2026-07-30,Mymensingh,1473,311
2026-07-30,Rajshahi,1672,185
2026-07-30,Rangpur,1076,85
2026-07-30,Sylhet,690,103
2026-07-31,Barisal,491,82
2026-07-31,Chittagong,1416,0
2026-07-31,Comilla,1583,288
2026-07-31,Dhaka,5363,4
2026-07-31,Khulna,1967,362
2026-07-31,Mymensingh,1325,165
2026-07-31,Rajshahi,1618,287
2026-07-31,Rangpur,1185,239
2026-07-31,Sylhet,667,89
2026-08-01,Barisal,526,87
2026-08-01,Chittagong,1593,167
2026-08-01,Comilla,1621,291
2026-08-01,Dhaka,6046,394
2026-08-01,Khulna,1915,252
2026-08-01,Mymensingh,1428,284
2026-08-01,Rajshahi,1747,204
2026-08-01,Rangpur,1183,225
2026-08-01,Sylhet,767,168
2026-08-02,Barisal,537,91
2026-08-02,Chittagong,1584,150
2026-08-02,Comilla,1636,294
2026-08-02,Dhaka,6262,508
2026-08-02,Khulna,2004,302
2026-08-02,Mymensingh,1353,234
2026-08-02,Rajshahi,1736,268
2026-08-02,Rangpur,1202,198
2026-08-02,Sylhet,806,171
2026-08-03,Barisal,539,125
2026-08-03,Chittagong,1534,164
2026-08-03,Comilla,1673,297
2026-08-03,Dhaka,6244,491
2026-08-03,Khulna,2096,317
2026-08-03,Mymensingh,1414,340
2026-08-03,Rajshahi,1714,283
2026-08-03,Rangpur,1097,145
2026-08-03,Sylhet,779,171
2026-08-04,Barisal,557,108
2026-08-04,Chittagong,1622,189
2026-08-04,Comilla,1668,301
2026-08-04,Dhaka,6020,381
2026-08-04,Khulna,1999,352
2026-08-04,Mymensingh,1374,239
2026-08-04,Rajshahi,1773,272
2026-08-04,Rangpur,1130,211
2026-08-04,Sylhet,718,132
2026-08-05,Barisal,478,0
2026-08-05,Chittagong,1325,0
2026-08-05,Comilla,1448,0
2026-08-05,Dhaka,4883,0
2026-08-05,Khulna,1736,0
2026-08-05,Mymensingh,1137,0
2026-08-05,Rajshahi,1515,0
2026-08-05,Rangpur,954,0
2026-08-05,Sylhet,652,0
2026-08-06,Barisal,495,10
2026-08-06,Chittagong,1446,116
2026-08-06,Comilla,1483,115
2026-08-06,Dhaka,5389,201
2026-08-06,Khulna,1942,288
2026-08-06,Mymensingh,1369,169
2026-08-06,Rajshahi,1711,310
2026-08-06,Rangpur,1166,183
2026-08-06,Sylhet,688,13
2026-08-07,Barisal,466,44
2026-08-07,Chittagong,1410,0
2026-08-07,Comilla,1538,159
2026-08-07,Dhaka,5069,70
2026-08-07,Khulna,1783,146
2026-08-07,Mymensingh,1355,194
2026-08-07,Rajshahi,1606,220
2026-08-07,Rangpur,1119,121
2026-08-07,Sylhet,712,88
2026-08-08,Barisal,531,132
2026-08-08,Chittagong,1599,31
2026-08-08,Comilla,1652,286
2026-08-08,Dhaka,5982,537
2026-08-08,Khulna,1990,366
2026-08-08,Mymensingh,1553,486
2026-08-08,Rajshahi,1735,334
2026-08-08,Rangpur,1197,288
2026-08-08,Sylhet,762,195
2026-08-09,Barisal,556,87
2026-08-09,Chittagong,1611,0
2026-08-09,Comilla,1664,300
2026-08-09,Dhaka,6134,547
2026-08-09,Khulna,2079,523
2026-08-09,Mymensingh,1546,416
2026-08-09,Rajshahi,1789,339
2026-08-09,Rangpur,1224,288
2026-08-09,Sylhet,800,222
2026-08-10,Barisal,549,146
2026-08-10,Chittagong,1614,74
2026-08-10,Comilla,1696,385
2026-08-10,Dhaka,6197,364
2026-08-10,Khulna,2077,420
2026-08-10,Mymensingh,15593,527
2026-08-10,Rajshahi,1839,294
2026-08-10,Rangpur,1235,264
2026-08-10,Sylhet,828,218
2026-08-11,Barisal,579,152
2026-08-11,Chittagong,1670,208
2026-08-11,Comilla,1743,368
2026-08-11,Dhaka,6432,585
2026-08-11,Khulna,2099,356
2026-08-11,Mymensingh,1603,490
2026-08-11,Rajshahi,1886,361
2026-08-11,Rangpur,1272,296
2026-08-11,Sylhet,824,191
2026-08-12,Barisal,545,0
2026-08-12,Chittagong,1591,5
2026-08-12,Comilla,1724,324
2026-08-12,Dhaka,6410,445
2026-08-12,Khulna,2148,303
2026-08-12,Mymensingh,1673,575
2026-08-12,Rajshahi,1894,337
2026-08-12,Rangpur,1296,293
2026-08-12,Sylhet,825,256
2026-08-13,Barisal,475,0
2026-08-13,Chittagong,1592,0
2026-08-13,Comilla,1554,94
2026-08-13,Dhaka,6138,285
2026-08-13,Khulna,1896,0
2026-08-13,Mymensingh,1630,522
2026-08-13,Rajshahi,1597,0
2026-08-13,Rangpur,1191,34
2026-08-13,Sylhet,686,0
2026-08-14,Barisal,507,0
2026-08-14,Chittagong,1450,0
2026-08-14,Comilla,1540,0
2026-08-14,Dhaka,5579,69
2026-08-14,Khulna,1874,0
2026-08-14,Mymensingh,1480,255
2026-08-14,Rajshahi,1611,0
2026-08-14,Rangpur,1111,22
2026-08-14,Sylhet,779,50
2026-08-15,Barisal,508,5
2026-08-15,Chittagong,1545,7
2026-08-15,Comilla,1642,60
2026-08-15,Dhaka,5976,164
2026-08-15,Khulna,1994,292
2026-08-15,Mymensingh,1612,462
2026-08-15,Rajshahi,1784,166
2026-08-15,Rangpur,1220,238
2026-08-15,Sylhet,790,159
2026-08-16,Barisal,484,0
2026-08-16,Chittagong,1364,0
2026-08-16,Comilla,1495,16
2026-08-16,Dhaka,5851,114
2026-08-16,Khulna,1904,133
2026-08-16,Mymensingh,1460,289
2026-08-16,Rajshahi,1688,0
2026-08-16,Rangpur,1148,0
2026-08-16,Sylhet,743,77
2026-08-17,Barisal,467,0
2026-08-17,Chittagong,1500,0
2026-08-17,Comilla,1369,0
2026-08-17,Dhaka,6023,93
2026-08-17,Khulna,1708,0
2026-08-17,Mymensingh,1385,207
2026-08-17,Rajshahi,1473,2
2026-08-17,Rangpur,996,0
2026-08-17,Sylhet,678,0
2026-08-18,Barisal,481,0
2026-08-18,Chittagong,1512,0
2026-08-18,Comilla,1455,50
2026-08-18,Dhaka,6184,154
2026-08-18,Khulna,1924,49
2026-08-18,Mymensingh,1421,256
2026-08-18,Rajshahi,1533,20
2026-08-18,Rangpur,1033,0
2026-08-18,Sylhet,668,0
2026-08-19,Barisal,562,104
2026-08-19,Chittagong,1596,154
2026-08-19,Comilla,1682,244
2026-08-19,Dhaka,6368,643
2026-08-19,Khulna,2089,274
2026-08-19,Mymensingh,1516,354
2026-08-19,Rajshahi,1669,159
2026-08-19,Rangpur,1215,200
2026-08-19,Sylhet,759,134
2026-08-20,Barisal,518,2
2026-08-20,Chittagong,1552,0
2026-08-20,Comilla,1678,198
2026-08-20,Dhaka,6251,558
2026-08-20,Khulna,2016,167
2026-08-20,Mymensingh,1478,314
2026-08-20,Rajshahi,1718,108
2026-08-20,Rangpur,1146,79
2026-08-20,Sylhet,780,163
2026-08-21,Barisal,529,0
2026-08-21,Chittagong,1480,0
2026-08-21,Comilla,1684,33
2026-08-21,Dhaka,5635,214
2026-08-21,Khulna,1984,0
2026-08-21,Mymensingh,1529,282
2026-08-21,Rajshahi,1688,0
2026-08-21,Rangpur,1113,0
2026-08-21,Sylhet,666,11
2026-08-22,Barisal,574,92
2026-08-22,Chittagong,1639,111
2026-08-22,Comilla,1695,215
2026-08-22,Dhaka,6489,599
2026-08-22,Khulna,2178,223
2026-08-22,Mymensingh,1600,377
2026-08-22,Rajshahi,1843,184
2026-08-22,Rangpur,1273,179
2026-08-22,Sylhet,831,135
2026-08-23,Barisal,508,8
2026-08-23,Chittagong,1568,35
2026-08-23,Comilla,1592,54
2026-08-23,Dhaka,6305,195
2026-08-23,Khulna,1990,29
2026-08-23,Mymensingh,1604,383
2026-08-23,Rajshahi,1777,73
2026-08-23,Rangpur,1216,66
2026-08-23,Sylhet,745,70
2026-08-24,Barisal,496,0
2026-08-24,Chittagong,1592,32
2026-08-24,Comilla,1500,35
2026-08-24,Dhaka,6255,174
2026-08-24,Khulna,2037,210
2026-08-24,Mymensingh,1550,374
2026-08-24,Rajshahi,1623,6
2026-08-24,Rangpur,1126,0
2026-08-24,Sylhet,774,81
2026-08-25,Barisal,553,84
2026-08-25,Chittagong,1530,0
2026-08-25,Comilla,1662,187
2026-08-25,Dhaka,6272,418
2026-08-25,Khulna,2119,217
2026-08-25,Mymensingh,1500,298
2026-08-25,Rajshahi,1838,241
2026-08-25,Rangpur,1211,186
2026-08-25,Sylhet,782,177
2026-08-26,Barisal,539,10
2026-08-26,Chittagong,1587,108
2026-08-26,Comilla,1709,157
2026-08-26,Dhaka,5848,166
2026-08-26,Khulna,2068,184
2026-08-26,Mymensingh,1622,456
2026-08-26,Rajshahi,1821,147
2026-08-26,Rangpur,1169,86
2026-08-26,Sylhet,799,160
2026-08-27,Barisal,632,153
2026-08-27,Chittagong,1665,150
2026-08-27,Comilla,1798,425
2026-08-27,Dhaka,6181,451
2026-08-27,Khulna,2245,413
2026-08-27,Mymensingh,1630,416
2026-08-27,Rajshahi,1965,332
2026-08-27,Rangpur,1321,284
2026-08-27,Sylhet,853,213
2026-08-28,Barisal,533,0
2026-08-28,Chittagong,1494,29
2026-08-28,Comilla,1717,266
2026-08-28,Dhaka,5726,335
2026-08-28,Khulna,2020,70
2026-08-28,Mymensingh,1504,326
2026-08-28,Rajshahi,1779,195
2026-08-28,Rangpur,1188,151
2026-08-28,Sylhet,715,49
2026-08-29,Barisal,586,86
2026-08-29,Chittagong,1678,196
2026-08-29,Comilla,1697,261
2026-08-29,Dhaka,6378,697
2026-08-29,Khulna,2197,427
2026-08-29,Mymensingh,1663,463
2026-08-29,Rajshahi,1900,333
2026-08-29,Rangpur,1257,259
2026-08-29,Sylhet,811,220
2026-08-30,Barisal,502,12
2026-08-30,Chittagong,1543,13
2026-08-30,Comilla,1641,282
2026-08-30,Dhaka,6231,573
2026-08-30,Khulna,2135,311
2026-08-30,Mymensingh,1617,530
2026-08-30,Rajshahi,1821,262
2026-08-30,Rangpur,1270,238
2026-08-30,Sylhet,800,172
2026-08-31,Barisal,555,84
2026-08-31,Chittagong,1605,134
2026-08-31,Comilla,1693,181
2026-08-31,Dhaka,6259,743
2026-08-31,Khulna,2021,173
2026-08-31,Mymensingh,1619,571
2026-08-31,Rajshahi,1782,152
2026-08-31,Rangpur,1232,185
2026-08-31,Sylhet,800,174
2026-09-01,Barisal,461,0
2026-09-01,Chittagong,1520,9
2026-09-01,Comilla,1486,69
2026-09-01,Dhaka,6159,171
2026-09-01,Khulna,1905,58
2026-09-01,Mymensingh,1455,319
2026-09-01,Rajshahi,1618,48
2026-09-01,Rangpur,1004,21
2026-09-01,Sylhet,698,31
2026-09-02,Barisal,496,62
2026-09-02,Chittagong,1556,103
2026-09-02,Comilla,1600,95
2026-09-02,Dhaka,5928,470
2026-09-02,Khulna,1915,64
2026-09-02,Mymensingh,1491,415
2026-09-02,Rajshahi,1621,119
2026-09-02,Rangpur,1046,45
2026-09-02,Sylhet,728,67
2026-09-03,Barisal,441,10
2026-09-03,Chittagong,1460,7
2026-09-03,Comilla,1452,71
2026-09-03,Dhaka,5967,142
2026-09-03,Khulna,1929,114
2026-09-03,Mymensingh,1466,265
2026-09-03,Rajshahi,1636,22
2026-09-03,Rangpur,1106,40
2026-09-03,Sylhet,666,28
2026-09-04,Barisal,472,0
2026-09-04,Chittagong,1353,0
2026-09-04,Comilla,1460,0
2026-09-04,Dhaka,5399,0
2026-09-04,Khulna,1793,144
2026-09-04,Mymensingh,1287,31
2026-09-04,Rajshahi,1469,27
2026-09-04,Rangpur,970,12
2026-09-04,Sylhet,661,0
2026-09-05,Barisal,548,106
2026-09-05,Chittagong,1584,177
2026-09-05,Comilla,1672,238
2026-09-05,Dhaka,6182,759
2026-09-05,Khulna,2056,262
2026-09-05,Mymensingh,1417,234
2026-09-05,Rajshahi,1702,204
2026-09-05,Rangpur,1105,142
2026-09-05,Sylhet,751,136
2026-09-06,Barisal,560,120
2026-09-06,Chittagong,1625,183
2026-09-06,Comilla,1678,248
2026-09-06,Dhaka,6166,744
2026-09-06,Khulna,2028,222
2026-09-06,Mymensingh,1320,144
2026-09-06,Rajshahi,1637,209
2026-09-06,Rangpur,1136,144
2026-09-06,Sylhet,727,121
2026-09-07,Barisal,563,113
2026-09-07,Chittagong,1665,220
2026-09-07,Comilla,1682,172
2026-09-07,Dhaka,6254,814
2026-09-07,Khulna,2027,178
2026-09-07,Mymensingh,1423,224
2026-09-07,Rajshahi,1660,146
2026-09-07,Rangpur,929,62
2026-09-07,Sylhet,805,181
2026-09-08,Barisal,585,104
2026-09-08,Chittagong,1568,126
2026-09-08,Comilla,1769,353
2026-09-08,Dhaka,6371,696
2026-09-08,Khulna,2057,334
2026-09-08,Mymensingh,1535,317
2026-09-08,Rajshahi,1733,286
2026-09-08,Rangpur,1185,189
2026-09-08,Sylhet,780,156
2026-09-09,Barisal,546,12
2026-09-09,Chittagong,1595,3
2026-09-09,Comilla,1763,290
2026-09-09,Dhaka,6138,447
2026-09-09,Khulna,2093,307
2026-09-09,Mymensingh,1518,376
2026-09-09,Rajshahi,1656,118
2026-09-09,Rangpur,1056,76
2026-09-09,Sylhet,774,142
2026-09-10,Barisal,574,123
2026-09-10,Chittagong,1651,236
2026-09-10,Comilla,1789,321
2026-09-10,Dhaka,6239,769
2026-09-10,Khulna,2093,283
2026-09-10,Mymensingh,1431,261
2026-09-10,Rajshahi,1399,206
2026-09-10,Rangpur,1227,276
2026-09-10,Sylhet,822,214
2026-09-11,Barisal,549,117
2026-09-11,Chittagong,1465,0
2026-09-11,Comilla,1618,48
2026-09-11,Dhaka,5589,43
2026-09-11,Khulna,1949,197
2026-09-11,Mymensingh,1476,261
2026-09-11,Rajshahi,1710,197
2026-09-11,Rangpur,1092,125
2026-09-11,Sylhet,753,38
2026-09-12,Barisal,591,187
2026-09-12,Chittagong,1684,195
2026-09-12,Comilla,1722,396
2026-09-12,Dhaka,6228,477
2026-09-12,Khulna,2086,462
2026-09-12,Mymensingh,1565,357
2026-09-12,Rajshahi,1778,308
2026-09-12,Rangpur,1226,250
2026-09-12,Sylhet,756,165
2026-09-13,Barisal,566,18
2026-09-13,Chittagong,1631,40
2026-09-13,Comilla,1770,281
2026-09-13,Dhaka,6266,242
2026-09-13,Khulna,2075,239
2026-09-13,Mymensingh,1518,291
2026-09-13,Rajshahi,1650,0
2026-09-13,Rangpur,1024,0
2026-09-13,Sylhet,782,177
